utc_epoch,pid,read_bytes,rss_kb
1790835516,1163401,100204544,1842436
1790835519,1163401,100208640,1842452
1790835522,1163401,100208640,1842452
1790835525,1163401,100208640,1842452
1790835525,1163920,8192,1842156
1790835528,1163401,100208640,1842452
1790835528,1163920,147456,1843416
1790835531,1163401,100208640,1842452
1790835531,1163920,147456,1843416
1790835534,1163401,100208640,1842452
1790835534,1163920,147456,1843416
1790835538,1163401,100208640,1842452
1790835538,1163920,147456,1843416
1790835538,1164372,8192,1843788
1790835541,1163401,100208640,1842452
1790835541,1163920,147456,1843416
1790835541,1164372,16384,1843804
1790835544,1163401,100208640,1842452
1790835544,1163920,147456,1843416
1790835544,1164372,16384,1843804
1790835547,1163401,100208640,1842452
1790835547,1163920,147456,1843416
1790835547,1164372,16384,1843804
1790835547,1164824,4096,1842340
1790835550,1163401,100454400,2177924
1790835550,1163920,253952,2180212
1790835550,1164372,344064,2181612
1790835550,1164824,356352,2181068
1790835553,1163401,100454400,2177924
1790835553,1163920,253952,2180212
1790835553,1164372,344064,2181612
1790835553,1164824,356352,2181068
1790835556,1163401,103546880,2380988
1790835556,1163920,1236992,2376448
1790835556,1164372,3239936,2377308
1790835556,1164824,360448,2377176
1790835559,1163401,251764736,2607876
1790835559,1163920,152547328,2586620
1790835559,1164372,130232320,2604596
1790835559,1164824,177262592,2602580
1790835562,1163401,804888576,3145020
1790835562,1163920,645054464,3157540
1790835562,1164372,592707584,3125876
1790835562,1164824,621830144,3104340
1790835565,1163401,1181327360,3592720
1790835565,1163920,1024737280,3541280
1790835565,1164372,971358208,3589348
1790835565,1164824,1013678080,3542776
1790835569,1163401,1741824000,4133868
1790835569,1163920,1523212288,4116696
1790835569,1164372,1416011776,4093924
1790835569,1164824,1453559808,4037304
1790835572,1163401,2281639936,4707276
1790835572,1163920,2041110528,4642576
1790835572,1164372,1887719424,4686752
1790835572,1164824,1913536512,4607316
1790835575,1163401,2875813888,5303116
1790835575,1163920,2551853056,5231192
1790835575,1164372,2354900992,5212896
1790835575,1164824,2362527744,5141108
1790835578,1163401,3500765184,5908344
1790835578,1163920,3056234496,5749584
1790835578,1164372,2864115712,5827936
1790835578,1164824,2850762752,5728388
1790835581,1163401,4107763712,6507748
1790835581,1163920,3548917760,6328328
1790835581,1164372,3350990848,6423164
1790835581,1164824,3338055680,6235356
1790835584,1163401,4688797696,7059652
1790835584,1163920,4066512896,6853540
1790835584,1164372,3839184896,6939800
1790835584,1164824,3833970688,6837324
1790835587,1163401,5291606016,7608736
1790835587,1163920,4575346688,7449844
1790835587,1164372,4313255936,7503916
1790835587,1164824,4312723456,7404264
1790835590,1163401,5850480640,8173056
1790835590,1163920,5122985984,8073964
1790835590,1164372,4822458368,8049332
1790835590,1164824,4821917696,7950032
1790835593,1163401,6486536192,8748768
1790835593,1163920,5677174784,8647284
1790835593,1164372,5325217792,8672220
1790835593,1164824,5312475136,8550016
1790835596,1163401,7115382784,9316748
1790835596,1163920,6237032448,9284016
1790835596,1164372,5832519680,9279512
1790835596,1164824,5816692736,9071888
1790835600,1163401,7731523584,9869496
1790835600,1163920,6784811008,9914088
1790835600,1164372,6367363072,9843696
1790835600,1164824,6325436416,9699372
1790835603,1163401,8420519936,10464016
1790835603,1163920,7339929600,10474640
1790835603,1164372,6900563968,10491012
1790835603,1164824,6852108288,10345224
1790835606,1163401,9005404160,11064528
1790835606,1163920,7902687232,11105324
1790835606,1164372,7420997632,11057932
1790835606,1164824,7403503616,10930228
1790835609,1163401,9641734144,11656000
1790835609,1163920,8438525952,11654744
1790835609,1164372,7926566912,11607812
1790835609,1164824,7883448320,11488488
1790835612,1163401,10245414912,12175888
1790835612,1163920,8980656128,12236176
1790835612,1164372,8425922560,12179316
1790835612,1164824,8404635648,11980892
1790835615,1163401,10778468352,12336580
1790835615,1163920,9452728320,12464468
1790835615,1164372,8904876032,12130944
1790835615,1164824,8844292096,12004516
1790835618,1163401,11316645888,12147028
1790835618,1163920,9946030080,12203676
1790835618,1164372,9397157888,11962332
1790835618,1164824,9284026368,11829996
1790835621,1163401,11912806400,12111088
1790835621,1163920,10507247616,12300032
1790835621,1164372,9938038784,12026032
1790835621,1164824,9805119488,11898408
1790835624,1163401,12527595520,12089240
1790835624,1163920,11056848896,12383456
1790835624,1164372,10510356480,12145900
1790835624,1164824,10326511616,12208436
1790835628,1163401,13032386560,12174896
1790835628,1163920,11572428800,12508676
1790835628,1164372,11040661504,12249348
1790835628,1164824,10819719168,12166452
1790835631,1163401,13632704512,12184812
1790835631,1163920,12115116032,12564936
1790835631,1164372,11618496512,12392496
1790835631,1164824,11357605888,12235692
1790835634,1163401,14135209984,12273200
1790835634,1163920,12650078208,12482668
1790835634,1164372,12216160256,12376436
1790835634,1164824,11904974848,12141564
1790835637,1163401,14740393984,12305240
1790835637,1163920,13228179456,12611200
1790835637,1164372,12774580224,12302644
1790835637,1164824,12446375936,12081960
1790835640,1163401,15322583040,12363536
1790835640,1163920,13783638016,12437668
1790835640,1164372,13361938432,12332932
1790835640,1164824,13009268736,12193332
1790835643,1163401,15837040640,12587780
1790835643,1163920,14315077632,12692840
1790835643,1164372,13941841920,12660896
1790835643,1164824,13515845632,12334924
1790835646,1163401,16256847872,12985376
1790835646,1163920,14665461760,13009720
1790835646,1164372,14332702720,13038716
1790835646,1164824,13921517568,12755036
1790835649,1163401,16534466560,12504036
1790835649,1163920,14935932928,13121512
1790835649,1164372,14579699712,13299660
1790835649,1164824,14187708416,13047088
1790835652,1163401,16779833344,12504236
1790835652,1163920,15163625472,12549004
1790835652,1164372,14820532224,13190496
1790835652,1164824,14435024896,13307824
1790835655,1163401,17005420544,12761808
1790835655,1163920,15344881664,12755116
1790835655,1164372,15004684288,12736800
1790835655,1164824,14689714176,12999332
1790835659,1163401,17182105600,12812096
1790835659,1163920,15558266880,12871240
1790835659,1164372,15225896960,12848248
1790835659,1164824,14862376960,12665652
1790835662,1163401,17361395712,13055052
1790835662,1163920,15720157184,13051920
1790835662,1164372,15400603648,13016796
1790835662,1164824,15051792384,12916324
1790835665,1163401,17633931264,12355636
1790835665,1163920,15965687808,12381536
1790835665,1164372,15603601408,12288364
1790835665,1164824,15258644480,12205024
1790835668,1163401,17856360448,11810872
1790835668,1163920,16184307712,11797464
1790835668,1164372,15874015232,11756268
1790835668,1164824,15478558720,11707056
1790835671,1163401,18142580736,11891968
1790835671,1163920,16451952640,11955588
1790835671,1164372,16087678976,11808400
1790835671,1164824,15699427328,11771444
1790835674,1163401,18540449792,12354156
1790835674,1163920,16886362112,12412860
1790835674,1164372,16625299456,12381888
1790835674,1164824,16022781952,12185768
1790835677,1163401,19056578560,12865992
1790835677,1163920,17381519360,12964380
1790835677,1164372,17102934016,12913644
1790835677,1164824,16493748224,12684916
1790835680,1163401,19454861312,13273804
1790835680,1163920,17614581760,13229068
1790835680,1164372,17348055040,13171792
1790835680,1164824,16871657472,13169824
1790835683,1163401,19699982336,13550960
1790835683,1163920,17886928896,13571688
1790835683,1164372,17645740032,13520384
1790835683,1164824,17103687680,13437252
1790835687,1163401,20027473920,13889544
1790835687,1163920,18141233152,13915672
1790835687,1164372,17895997440,13796008
1790835687,1164824,17365069824,13802752
1790835690,1163401,20278251520,14216020
1790835690,1163920,18390794240,14182732
1790835690,1164372,18205372416,14140432
1790835690,1164824,17593180160,14085380
1790835693,1163401,20599902208,14509392
1790835693,1163920,18661588992,14531380
1790835693,1164372,18437894144,14407796
1790835693,1164824,17848082432,14420004
1790835696,1163401,20924485632,14863704
1790835696,1163920,18906681344,14807140
1790835696,1164372,18750603264,14760988
1790835696,1164824,18115567616,14789640
1790835699,1163401,21188071424,15150716
1790835699,1163920,19196653568,15172324
1790835699,1164372,19047563264,15113640
1790835699,1164824,18367488000,15080632
1790835702,1163401,21512540160,15500516
1790835702,1163920,19469303808,15536276
1790835702,1164372,19315023872,15404692
1790835702,1164824,18643206144,15450192
1790835705,1163401,21744517120,15724648
1790835705,1163920,19726712832,15707832
1790835705,1164372,19625463808,15665544
1790835705,1164824,18871156736,15619352
1790835708,1163401,22057488384,15665484
1790835708,1163920,19994042368,15726536
1790835708,1164372,19859857408,15641884
1790835708,1164824,19151138816,15698464
1790835711,1163401,22378708992,16021388
1790835711,1163920,20244439040,16005888
1790835711,1164372,20164190208,15988716
1790835711,1164824,19411312640,16057312
1790835714,1163401,22637002752,16294632
1790835714,1163920,20524654592,16354464
1790835714,1164372,20451667968,16333072
1790835714,1164824,19646246912,16329032
1790835718,1163401,22952398848,16642132
1790835718,1163920,20790124544,16718084
1790835718,1164372,20719390720,16620280
1790835718,1164824,19918061568,16689164
1790835721,1163401,23179448320,16892752
1790835721,1163920,21071486976,16966608
1790835721,1164372,20994772992,16910160
1790835721,1164824,20139081728,16914476
1790835724,1163401,23388225536,17089096
1790835724,1163920,21209595904,17115532
1790835724,1164372,21138444288,17059880
1790835724,1164824,20317204480,17155720
1790835727,1163401,23526637568,17220276
1790835727,1163920,21405528064,17323520
1790835727,1164372,21279961088,17197260
1790835727,1164824,20459696128,17300756
1790835730,1163401,23685672960,17418712
1790835730,1163920,21565390848,17494876
1790835730,1164372,21501874176,17425024
1790835730,1164824,20615180288,17466392
1790835733,1163401,23901016064,17616252
1790835733,1163920,21719465984,17680980
1790835733,1164372,21658206208,17591440
1790835733,1164824,20818620416,17688788
1790835736,1163401,24068501504,17705760
1790835736,1163920,21900644352,17768672
1790835736,1164372,21873950720,17703080
1790835736,1164824,20977049600,17734056
1790835739,1163401,24513847296,17863236
1790835739,1163920,22348767232,17901568
1790835739,1164372,22325100544,17681404
1790835739,1164824,21359374336,17691756
1790835742,1163401,25010991104,18146056
1790835742,1163920,22817914880,18139348
1790835742,1164372,22805241856,17805960
1790835742,1164824,21835902976,17825496
1790835745,1163401,25355513856,18252400
1790835745,1163920,23104495616,18302856
1790835745,1164372,23053864960,17845064
1790835745,1164824,22178467840,18041584
1790835749,1163401,25577926656,17308844
1790835749,1163920,23343988736,17300644
1790835749,1164372,23332429824,16975044
1790835749,1164824,22399045632,17144548
1790835752,1163401,25858203648,15977568
1790835752,1163920,23588364288,15976880
1790835752,1164372,23548026880,15648460
1790835752,1164824,22649896960,15972140
1790835755,1163401,26071658496,14865820
1790835755,1163920,23803105280,14839664
1790835755,1164372,23807279104,14499504
1790835755,1164824,22900113408,14952316
1790835758,1163401,26377117696,14974264
1790835758,1163920,24068956160,14973200
1790835758,1164372,24045596672,14615388
1790835758,1164824,23140061184,15031668
1790835761,1163401,26678288384,15334128
1790835761,1163920,24316948480,15246656
1790835761,1164372,24350969856,14973644
1790835761,1164824,23444914176,15404524
1790835764,1163401,26926637056,15600212
1790835764,1163920,24604876800,15604716
1790835764,1164372,24638169088,15328776
1790835764,1164824,23682039808,15677652
1790835767,1163401,27258294272,15980424
1790835767,1163920,24883572736,15973176
1790835767,1164372,24912805888,15625896
1790835767,1164824,23993114624,16059136
1790835770,1163401,27593830400,16473472
1790835770,1163920,25293090816,16404648
1790835770,1164372,25432031232,16106304
1790835770,1164824,24278007808,16506232
1790835773,1163401,28183027712,17057844
1790835773,1163920,25847382016,17030400
1790835773,1164372,25970958336,16676776
1790835773,1164824,24807510016,17058904
1790835776,1163401,28789260288,17703156
1790835776,1163920,26401751040,17603368
1790835776,1164372,26575982592,17340056
1790835776,1164824,25403219968,17717444
1790835780,1163401,29358534656,18313976
1790835780,1163920,26953334784,18220712
1790835780,1164372,27139670016,17972824
1790835780,1164824,25928511488,18274280
1790835783,1163401,29998841856,18913476
1790835783,1163920,27450884096,18820564
1790835783,1164372,27690332160,18545612
1790835783,1164824,26476027904,18917520
1790835786,1163401,30583414784,19206220
1790835786,1163920,27985330176,18987584
1790835786,1164372,28257202176,18831644
1790835786,1164824,26990198784,19186296
1790835789,1163401,31060389888,18235612
1790835789,1163920,28436258816,18135644
1790835789,1164372,28708401152,17881532
1790835789,1164824,27437289472,18262064
1790835792,1163401,31610273792,18356772
1790835792,1163920,28949815296,18193448
1790835792,1164372,29285675008,18045208
1790835792,1164824,27985588224,18413956
1790835795,1163401,32165552128,18917260
1790835795,1163920,29470711808,18795744
1790835795,1164372,29852737536,18663824
1790835795,1164824,28506759168,18966120
1790835798,1163401,32529059840,19247520
1790835798,1163920,29867114496,19139332
1790835798,1164372,30194778112,18966776
1790835798,1164824,28987650048,19417044
1790835801,1163401,32852049920,19645936
1790835801,1163920,30139392000,19462872
1790835801,1164372,30566879232,19367308
1790835801,1164824,29243768832,19710488
1790835804,1163401,33434599424,20186892
1790835804,1163920,30645100544,20055084
1790835804,1164372,31100833792,19930464
1790835804,1164824,29762158592,20258860
1790835807,1163401,33780367360,19216684
1790835807,1163920,30979637248,18991396
1790835807,1164372,31423623168,18886848
1790835807,1164824,30140764160,19278520
1790835811,1163401,34386808832,19718296
1790835811,1163920,31487279104,19537164
1790835811,1164372,31970947072,19405492
1790835811,1164824,30666854400,19807448
1790835814,1163401,34710556672,18874924
1790835814,1163920,31808016384,18666340
1790835814,1164372,32335564800,18619316
1790835814,1164824,31032741888,19079548
1790835817,1163401,35292254208,19280168
1790835817,1163920,32319983616,19132424
1790835817,1164372,32880267264,19057512
1790835817,1164824,31547428864,19489244
1790835820,1163401,35619278848,18522256
1790835820,1163920,32661823488,18366212
1790835820,1164372,33257009152,18303740
1790835820,1164824,31944249344,18804068
1790835823,1163401,36224503808,18893984
1790835823,1163920,33192927232,18876108
1790835823,1164372,33810624512,18656240
1790835823,1164824,32443240448,19165076
1790835826,1163401,36546940928,18222880
1790835826,1163920,33536143360,18104004
1790835826,1164372,34168229888,17986676
1790835826,1164824,32863490048,18435428
1790835829,1163401,37099409408,18295604
1790835829,1163920,34011279360,18164900
1790835829,1164372,34678755328,18102472
1790835829,1164824,33316737024,18502252
1790835832,1163401,37393469440,17452728
1790835832,1163920,34388176896,17312508
1790835832,1164372,35013230592,17200244
1790835832,1164824,33778929664,17775592
1790835835,1163401,37969334272,17703296
1790835835,1163920,34828087296,17412156
1790835835,1164372,35575037952,17486312
1790835835,1164824,34177388544,17790440
1790835838,1163401,38781030400,18215112
1790835838,1163920,35534209024,17959404
1790835838,1164372,37142683648,18775576
1790835838,1164824,34863665152,18282888
1790835842,1163401,39714361344,19484352
1790835842,1163920,36384219136,18909232
1790835842,1164372,38631297024,19150296
1790835842,1164824,35724996608,18945052
1790835845,1163401,40562012160,20006012
1790835845,1163920,36838424576,19856872
1790835845,1164372,39229845504,19701192
1790835845,1164824,36211761152,19984364
1790835848,1163401,41624670208,21647340
1790835848,1163920,37693472768,21584536
1790835848,1164372,40198561792,21346048
1790835848,1164824,37053280256,21832844
1790835851,1163401,42154323968,22250104
1790835851,1163920,38232436736,22145996
1790835851,1164372,40706560000,21987496
1790835851,1164824,37537951744,22270460
1790835854,1163401,42598416384,22506256
1790835854,1163920,38679711744,22412108
1790835854,1164372,41094197248,22257368
1790835854,1164824,37879504896,22474604
1790835857,1163401,42975703040,12313092
1790835857,1163920,39015710720,12902704
1790835857,1164372,41488220160,12618748
1790835857,1164824,38206439424,12248596
1790835860,1163401,43226832896,1473080
1790835860,1163920,39221714944,1439032
1790835860,1164372,41685344256,1446256
1790835860,1164824,38425063424,1459872
1790835863,1163401,43261112320,1685448
1790835863,1163920,39248486400,1652772
1790835863,1164372,41754722304,1657736
1790835863,1164824,38454247424,1667040
1790835866,1163401,43262775296,1692032
1790835866,1163920,39249571840,1659080
1790835866,1164372,41755791360,1664088
1790835866,1164824,38455697408,1673320
1790835869,1163401,43263578112,1694040
1790835869,1163920,39250370560,1660904
1790835869,1164372,41756413952,1665960
1790835869,1164824,38456594432,1675292
1790835873,1163401,43263586304,1694068
1790835873,1163920,39250378752,1660932
1790835873,1164372,41756422144,1665988
1790835873,1164824,38456594432,1675316
1790835876,1163401,43263586304,1694068
1790835876,1163920,39250378752,1660932
1790835876,1164372,41756422144,1665988
1790835876,1164824,38456594432,1675316
1790835879,1163401,43263586304,1694068
1790835879,1163920,39250378752,1660932
1790835879,1164372,41756422144,1665988
1790835879,1164824,38456594432,1675316
1790835882,1163401,43263586304,1694068
1790835882,1163920,39250378752,1660932
1790835882,1164372,41756422144,1665988
1790835882,1164824,38456594432,1675316
1790835885,1163401,43263586304,1694068
1790835885,1163920,39250378752,1660932
1790835885,1164372,41756422144,1665988
1790835885,1164824,38456594432,1675316
1790835888,1163401,43263586304,1694068
1790835888,1163920,39250378752,1660932
1790835888,1164372,41756422144,1665988
1790835888,1164824,38456594432,1675316
1790835891,1163401,43298828288,1997636
1790835891,1163920,39299444736,1977608
1790835891,1164372,41797865472,1985536
1790835891,1164824,38490476544,1986572
1790835894,1163401,43299782656,2004916
1790835894,1163920,39300567040,1985148
1790835894,1164372,41798815744,1993000
1790835894,1164824,38492454912,1994216
1790835897,1163401,43304828928,2073472
1790835897,1163920,39303102464,2054412
1790835897,1164372,41802858496,2060820
1790835897,1164824,38495064064,2062852
1790835900,1163401,43471228928,2125216
1790835900,1163920,39394508800,2056788
1790835900,1164372,41892671488,2063148
1790835900,1164824,38643630080,2108556
1790835903,1163401,43593490432,2144460
1790835903,1163920,39582380032,2130548
1790835903,1164372,42080239616,2136876
1790835903,1164824,38777307136,2146492
1790835907,1163401,43698835456,2255840
1790835907,1163920,39687856128,2250160
1790835907,1164372,42184880128,2255496
1790835907,1164824,38873296896,2253824
1790835910,1163401,43698835456,2255840
1790835910,1163920,39687856128,2250160
1790835910,1164372,42184880128,2255496
1790835910,1164824,38873296896,2253824
1790835913,1163401,43886247936,2389692
1790835913,1163920,39864758272,2381660
1790835913,1164372,42364334080,2382928
1790835913,1164824,39056805888,2382928
