Device_id,Name,Type,Accelerator Core,Start Time(us),Duration(us),Wait Time(us),Block Num
0,aclnnSubs_SubAiCore_Sub,N/A,N/A,1791148628095089.367	,9.844,0,8
0,aclnnGeScalar_GreaterEqual_GreaterEqual,N/A,N/A,1791148628095141.555	,8.828,42.344,8
0,aclnnLtScalar_LessAiCore_Less,N/A,N/A,1791148628095150.461	,4.531,0.078,8
0,aclnnBitwiseAndTensor_LogicalAndAiCore_LogicalAnd,N/A,N/A,1791148628095155.044	,1.38,0.052,3
0,aclnnInplaceFillScalar_FillAiCore_Fill,N/A,N/A,1791148628095156.477	,1.068,0.052,1
0,aclnnSWhere_SelectV2AiCore_SelectV2,N/A,N/A,1791148628095176.711	,3.802,19.167,8
0,aclnnArange_ArangeAiCore_Range,N/A,N/A,1791148628095198.326	,4.036,17.812,8
0,aclnnInplaceCopy_BroadcastToAiCore_BroadcastTo,N/A,N/A,1791148628095268.247	,13.594,65.885,8
0,aclnnInplaceCopy_CastAiCore_Cast,N/A,N/A,1791148628095344.419	,5.781,62.578,8
0,aclnnInplaceCopy_CastAiCore_Cast,N/A,N/A,1791148628095384.003	,1.25,33.802,5
0,aclnnSort_SortAiCore_MemSet,N/A,N/A,1791148628095413.925	,4.635,28.672,8
0,aclnnSort_SortAiCore_Sort,N/A,N/A,1791148628095441.789	,38.385,23.229,3
0,aclnnSort_CastAiCore_Cast,N/A,N/A,1791148628095480.227	,5.391,0.052,7
0,aclnnArange_ArangeAiCore_Range,N/A,N/A,1791148628095485.669	,1.745,0.052,8
0,aclnnEqTensor_EqualAiCore_Equal,N/A,N/A,1791148628095501.503	,65.208,14.089,8
0,aclnnReduceSum_CastAiCore_Cast,N/A,N/A,1791148628095701.841	,9.297,135.13,8
0,aclnnReduceSum_ReduceSumOpAiCore_MemSet,N/A,N/A,1791148628095753.638	,2.135,42.5,8
0,aclnnReduceSum_ReduceSumOpAiCore_ReduceSum,N/A,N/A,1791148628095755.852	,16.172,0.078,8
0,aclnnReduceSum_CastAiCpu_Cast,N/A,N/A,1791148628095811.346	,144.766,39.323,8
0,aclnnInplaceCopy_CastAiCore_Cast,N/A,N/A,1791148628095956.190	,2.344,0.078,8
0,aclnnInplaceCopy_CastAiCore_Cast,N/A,N/A,1791148628095978.352	,1.146,19.818,5
0,aclnnSort_SortAiCore_MemSet,N/A,N/A,1791148628095979.576	,2.24,0.078,8
0,aclnnSort_SortAiCore_Sort,N/A,N/A,1791148628095981.893	,43.047,0.078,3
0,aclnnSort_CastAiCore_Cast,N/A,N/A,1791148628096024.992	,5.052,0.052,7
0,aclnnIndexSelect_GatherV2AiCore_GatherV2,N/A,N/A,1791148628096030.122	,24.661,0.078,8
0,aclnnCumsum_CumsumAiCpu_Cumsum,N/A,N/A,1791148628096054.862	,50.729,0.078,8
0,QwenW4A8PackV310,N/A,N/A,1791148628096125.331	,273.307,19.74,8
0,aclnnIndexSelect_GatherV2AiCore_GatherV2,N/A,N/A,1791148628096398.716	,15.417,0.078,8
0,aclnnIndexSelect_GatherV2AiCore_GatherV2,N/A,N/A,1791148628096414.211	,18.594,0.078,8
0,aclnnIndexSelect_GatherV2AiCore_GatherV2,N/A,N/A,1791148628096432.857	,12.812,0.052,8
0,aclnnIndexSelect_GatherV2AiCore_GatherV2,N/A,N/A,1791148628096445.747	,20.365,0.078,8
0,QwenW4A8Int4MatmulV310,N/A,N/A,1791148628096503.768	,7027.031,37.656,8
0,aclnnInplaceCopy_CastAiCore_Cast,N/A,N/A,1791148628103530.877	,170.286,0.078,8
0,aclnnSilu_SliceAiCore_Slice,N/A,N/A,1791148628103701.216	,156.719,0.052,8
0,aclnnSilu_SiluAiCore_Swish,N/A,N/A,1791148628103858.117	,177.839,0.182,8
0,aclnnSilu_SiluAiCore_Swish,N/A,N/A,1791148628103946.242	,175.234,0.0,7
0,aclnnMul_SliceAiCore_Slice,N/A,N/A,1791148628104122.049	,143.359,0.573,8
0,aclnnMul_MulAiCore_Mul,N/A,N/A,1791148628104265.487	,216.51,0.078,8
0,aclnnInplaceCopy_CastAiCore_Cast,N/A,N/A,1791148628104482.075	,96.224,0.078,8
0,QwenW4A8PackV310,N/A,N/A,1791148628104578.377	,612.422,0.078,8
0,QwenW4A8Int4MatmulV310,N/A,N/A,1791148628105190.851	,3739.818,0.052,8
0,aclnnInplaceCopy_CastAiCore_Cast,N/A,N/A,1791148628108930.747	,414.635,0.078,8
0,aclnnIndexSelect_GatherV2AiCore_GatherV2,N/A,N/A,1791148628109345.460	,25.234,0.078,8
0,aclnnInplaceMul_MulAiCore_Mul,N/A,N/A,1791148628109401.528	,451.823,30.833,8
0,aclnnIndexSelect_GatherV2AiCore_GatherV2,N/A,N/A,1791148628109853.429	,548.516,0.078,8
0,aclnnReduceSum_ReduceSumOpAiCore_MemSet,N/A,N/A,1791148628110402.023	,2.604,0.078,8
0,aclnnReduceSum_ReduceSumOpAiCore_ReduceSum,N/A,N/A,1791148628110404.705	,325.807,0.078,86
0,aclnnInplaceCopy_TensorMoveAiCore_TensorMove,N/A,N/A,1791148628110730.564	,26.38,0.052,8
0,aclnnSubs_SubAiCore_Sub,N/A,N/A,1791148628110757.023	,6.51,0.078,8
0,aclnnGeScalar_GreaterEqual_GreaterEqual,N/A,N/A,1791148628110763.611	,3.88,0.078,8
0,aclnnLtScalar_LessAiCore_Less,N/A,N/A,1791148628110767.570	,3.333,0.078,8
0,aclnnBitwiseAndTensor_LogicalAndAiCore_LogicalAnd,N/A,N/A,1791148628110770.981	,1.328,0.078,3
0,aclnnInplaceFillScalar_FillAiCore_Fill,N/A,N/A,1791148628110772.387	,1.042,0.078,1
0,aclnnSWhere_SelectV2AiCore_SelectV2,N/A,N/A,1791148628110773.507	,3.672,0.078,8
0,aclnnArange_ArangeAiCore_Range,N/A,N/A,1791148628110777.257	,2.031,0.078,8
0,aclnnInplaceCopy_BroadcastToAiCore_BroadcastTo,N/A,N/A,1791148628110779.366	,4.74,0.078,8
0,aclnnInplaceCopy_CastAiCore_Cast,N/A,N/A,1791148628110784.158	,2.682,0.052,8
0,aclnnInplaceCopy_CastAiCore_Cast,N/A,N/A,1791148628110786.892	,1.302,0.052,5
0,aclnnSort_SortAiCore_MemSet,N/A,N/A,1791148628110788.273	,2.422,0.078,8
0,aclnnSort_SortAiCore_Sort,N/A,N/A,1791148628110790.773	,39.01,0.078,3
0,aclnnSort_CastAiCore_Cast,N/A,N/A,1791148628110829.861	,7.578,0.078,7
0,aclnnArange_ArangeAiCore_Range,N/A,N/A,1791148628110837.517	,1.719,0.078,8
0,aclnnEqTensor_EqualAiCore_Equal,N/A,N/A,1791148628110839.314	,66.406,0.078,8
0,aclnnReduceSum_CastAiCore_Cast,N/A,N/A,1791148628110905.799	,6.328,0.078,8
0,aclnnReduceSum_ReduceSumOpAiCore_MemSet,N/A,N/A,1791148628110912.205	,1.458,0.078,8
0,aclnnReduceSum_ReduceSumOpAiCore_ReduceSum,N/A,N/A,1791148628110913.741	,21.641,0.078,8
0,aclnnReduceSum_CastAiCpu_Cast,N/A,N/A,1791148628110935.460	,133.411,0.078,8
0,aclnnInplaceCopy_CastAiCore_Cast,N/A,N/A,1791148628111068.950	,2.396,0.078,8
0,aclnnInplaceCopy_CastAiCore_Cast,N/A,N/A,1791148628111071.424	,1.094,0.078,5
0,aclnnSort_SortAiCore_MemSet,N/A,N/A,1791148628111072.596	,1.276,0.078,8
0,aclnnSort_SortAiCore_Sort,N/A,N/A,1791148628111073.950	,42.865,0.078,3
0,aclnnSort_CastAiCore_Cast,N/A,N/A,1791148628111116.892	,4.948,0.078,7
0,aclnnIndexSelect_GatherV2AiCore_GatherV2,N/A,N/A,1791148628111121.918	,24.583,0.078,8
0,aclnnCumsum_CumsumAiCpu_Cumsum,N/A,N/A,1791148628111146.554	,51.146,0.052,8
0,QwenW4A8PackV310,N/A,N/A,1791148628111197.778	,274.219,0.078,8
0,aclnnIndexSelect_GatherV2AiCore_GatherV2,N/A,N/A,1791148628111472.049	,13.88,0.052,8
0,aclnnIndexSelect_GatherV2AiCore_GatherV2,N/A,N/A,1791148628111486.007	,25.547,0.078,8
0,aclnnIndexSelect_GatherV2AiCore_GatherV2,N/A,N/A,1791148628111511.632	,13.047,0.078,8
0,aclnnIndexSelect_GatherV2AiCore_GatherV2,N/A,N/A,1791148628111524.757	,20.104,0.078,8
0,QwenW4A8Int4MatmulV310,N/A,N/A,1791148628111544.939	,6926.562,0.078,8
0,aclnnInplaceCopy_CastAiCore_Cast,N/A,N/A,1791148628118471.580	,170.443,0.078,8
0,aclnnSilu_SliceAiCore_Slice,N/A,N/A,1791148628118642.100	,155.599,0.078,8
0,aclnnSilu_SiluAiCore_Swish,N/A,N/A,1791148628118797.856	,178.542,0.156,8
0,aclnnSilu_SiluAiCore_Swish,N/A,N/A,1791148628118798.298	,175.599,0.0,7
0,aclnnMul_SliceAiCore_Slice,N/A,N/A,1791148628118976.554	,147.005,2.656,8
0,aclnnMul_MulAiCore_Mul,N/A,N/A,1791148628119123.637	,216.016,0.078,8
0,aclnnInplaceCopy_CastAiCore_Cast,N/A,N/A,1791148628119339.731	,97.109,0.078,8
0,QwenW4A8PackV310,N/A,N/A,1791148628119436.892	,612.318,0.052,8
0,QwenW4A8Int4MatmulV310,N/A,N/A,1791148628120049.288	,3731.64,0.078,8
0,aclnnInplaceCopy_CastAiCore_Cast,N/A,N/A,1791148628123780.980	,413.958,0.052,8
0,aclnnIndexSelect_GatherV2AiCore_GatherV2,N/A,N/A,1791148628124195.017	,24.323,0.078,8
0,aclnnInplaceMul_MulAiCore_Mul,N/A,N/A,1791148628124219.418	,457.839,0.078,8
0,aclnnIndexSelect_GatherV2AiCore_GatherV2,N/A,N/A,1791148628124677.334	,543.568,0.078,8
0,aclnnReduceSum_ReduceSumOpAiCore_MemSet,N/A,N/A,1791148628125220.954	,2.474,0.052,8
0,aclnnReduceSum_ReduceSumOpAiCore_ReduceSum,N/A,N/A,1791148628125223.506	,328.021,0.078,86
0,aclnnInplaceCopy_TensorMoveAiCore_TensorMove,N/A,N/A,1791148628125551.605	,26.615,0.078,8
0,aclnnSubs_SubAiCore_Sub,N/A,N/A,1791148628125578.298	,6.484,0.078,8
0,aclnnGeScalar_GreaterEqual_GreaterEqual,N/A,N/A,1791148628125584.860	,3.776,0.078,8
0,aclnnLtScalar_LessAiCore_Less,N/A,N/A,1791148628125588.715	,3.385,0.078,8
0,aclnnBitwiseAndTensor_LogicalAndAiCore_LogicalAnd,N/A,N/A,1791148628125592.152	,1.562,0.052,3
0,aclnnInplaceFillScalar_FillAiCore_Fill,N/A,N/A,1791148628125593.793	,1.094,0.078,1
0,aclnnSWhere_SelectV2AiCore_SelectV2,N/A,N/A,1791148628125594.939	,3.854,0.052,8
0,aclnnArange_ArangeAiCore_Range,N/A,N/A,1791148628125598.845	,2.083,0.052,8
0,aclnnInplaceCopy_BroadcastToAiCore_BroadcastTo,N/A,N/A,1791148628125600.980	,4.609,0.052,8
0,aclnnInplaceCopy_CastAiCore_Cast,N/A,N/A,1791148628125605.668	,2.604,0.078,8
0,aclnnInplaceCopy_CastAiCore_Cast,N/A,N/A,1791148628125608.350	,1.25,0.078,5
0,aclnnSort_SortAiCore_MemSet,N/A,N/A,1791148628125609.678	,2.682,0.078,8
0,aclnnSort_SortAiCore_Sort,N/A,N/A,1791148628125612.439	,38.281,0.078,3
0,aclnnSort_CastAiCore_Cast,N/A,N/A,1791148628125650.798	,8.099,0.078,7
0,aclnnArange_ArangeAiCore_Range,N/A,N/A,1791148628125658.975	,1.823,0.078,8
0,aclnnEqTensor_EqualAiCore_Equal,N/A,N/A,1791148628125660.850	,67.24,0.052,8
0,aclnnReduceSum_CastAiCore_Cast,N/A,N/A,1791148628125728.142	,7.161,0.052,8
0,aclnnReduceSum_ReduceSumOpAiCore_MemSet,N/A,N/A,1791148628125735.355	,1.562,0.052,8
0,aclnnReduceSum_ReduceSumOpAiCore_ReduceSum,N/A,N/A,1791148628125736.970	,20.964,0.052,8
0,aclnnReduceSum_CastAiCpu_Cast,N/A,N/A,1791148628125757.985	,146.172,0.052,8
0,aclnnInplaceCopy_CastAiCore_Cast,N/A,N/A,1791148628125904.235	,2.37,0.078,8
0,aclnnInplaceCopy_CastAiCore_Cast,N/A,N/A,1791148628125906.683	,1.068,0.078,5
0,aclnnSort_SortAiCore_MemSet,N/A,N/A,1791148628125907.829	,1.302,0.078,8
0,aclnnSort_SortAiCore_Sort,N/A,N/A,1791148628125909.183	,40.26,0.052,3
0,aclnnSort_CastAiCore_Cast,N/A,N/A,1791148628125949.522	,5.104,0.078,7
0,aclnnIndexSelect_GatherV2AiCore_GatherV2,N/A,N/A,1791148628125954.678	,25.13,0.052,8
0,aclnnCumsum_CumsumAiCpu_Cumsum,N/A,N/A,1791148628125979.886	,42.63,0.078,8
0,QwenW4A8PackV310,N/A,N/A,1791148628126022.569	,273.88,0.052,8
0,aclnnIndexSelect_GatherV2AiCore_GatherV2,N/A,N/A,1791148628126296.527	,14.375,0.078,8
0,aclnnIndexSelect_GatherV2AiCore_GatherV2,N/A,N/A,1791148628126310.980	,20.339,0.078,8
0,aclnnIndexSelect_GatherV2AiCore_GatherV2,N/A,N/A,1791148628126331.397	,14.453,0.078,8
0,aclnnIndexSelect_GatherV2AiCore_GatherV2,N/A,N/A,1791148628126345.928	,19.974,0.078,8
0,QwenW4A8Int4MatmulV310,N/A,N/A,1791148628126365.980	,6724.922,0.078,8
0,aclnnInplaceCopy_CastAiCore_Cast,N/A,N/A,1791148628133090.954	,169.948,0.052,8
0,aclnnSilu_SliceAiCore_Slice,N/A,N/A,1791148628133260.980	,156.953,0.078,8
0,aclnnSilu_SiluAiCore_Swish,N/A,N/A,1791148628133418.063	,178.594,0.13,8
0,aclnnSilu_SiluAiCore_Swish,N/A,N/A,1791148628133418.506	,175.312,0.0,7
0,aclnnMul_SliceAiCore_Slice,N/A,N/A,1791148628133596.787	,147.005,2.969,8
0,aclnnMul_MulAiCore_Mul,N/A,N/A,1791148628133743.870	,215.365,0.078,8
0,aclnnInplaceCopy_CastAiCore_Cast,N/A,N/A,1791148628133959.287	,95.938,0.052,8
0,QwenW4A8PackV310,N/A,N/A,1791148628134055.381	,611.198,0.156,8
0,QwenW4A8Int4MatmulV310,N/A,N/A,1791148628134666.657	,3598.776,0.078,8
0,aclnnInplaceCopy_CastAiCore_Cast,N/A,N/A,1791148628138265.485	,414.896,0.052,8
0,aclnnIndexSelect_GatherV2AiCore_GatherV2,N/A,N/A,1791148628138680.459	,24.323,0.078,8
0,aclnnInplaceMul_MulAiCore_Mul,N/A,N/A,1791148628138704.834	,457.839,0.052,8
0,aclnnIndexSelect_GatherV2AiCore_GatherV2,N/A,N/A,1791148628139162.750	,543.281,0.078,8
0,aclnnReduceSum_ReduceSumOpAiCore_MemSet,N/A,N/A,1791148628139706.110	,2.448,0.078,8
0,aclnnReduceSum_ReduceSumOpAiCore_ReduceSum,N/A,N/A,1791148628139708.636	,327.161,0.078,86
0,aclnnInplaceCopy_TensorMoveAiCore_TensorMove,N/A,N/A,1791148628140035.875	,25.443,0.078,8
0,aclnnSubs_SubAiCore_Sub,N/A,N/A,1791148628140061.370	,6.38,0.052,8
0,aclnnGeScalar_GreaterEqual_GreaterEqual,N/A,N/A,1791148628140067.828	,3.984,0.078,8
0,aclnnLtScalar_LessAiCore_Less,N/A,N/A,1791148628140071.891	,3.411,0.078,8
0,aclnnBitwiseAndTensor_LogicalAndAiCore_LogicalAnd,N/A,N/A,1791148628140075.381	,1.302,0.078,3
0,aclnnInplaceFillScalar_FillAiCore_Fill,N/A,N/A,1791148628140076.761	,1.042,0.078,1
0,aclnnSWhere_SelectV2AiCore_SelectV2,N/A,N/A,1791148628140077.881	,3.62,0.078,8
0,aclnnArange_ArangeAiCore_Range,N/A,N/A,1791148628140081.578	,2.344,0.078,8
0,aclnnInplaceCopy_BroadcastToAiCore_BroadcastTo,N/A,N/A,1791148628140084.000	,4.922,0.078,8
0,aclnnInplaceCopy_CastAiCore_Cast,N/A,N/A,1791148628140089.000	,2.839,0.078,8
0,aclnnInplaceCopy_CastAiCore_Cast,N/A,N/A,1791148628140091.917	,1.25,0.078,5
0,aclnnSort_SortAiCore_MemSet,N/A,N/A,1791148628140093.245	,2.786,0.078,8
0,aclnnSort_SortAiCore_Sort,N/A,N/A,1791148628140096.084	,38.359,0.052,3
0,aclnnSort_CastAiCore_Cast,N/A,N/A,1791148628140134.521	,7.24,0.078,7
0,aclnnArange_ArangeAiCore_Range,N/A,N/A,1791148628140141.839	,1.693,0.078,8
0,aclnnEqTensor_EqualAiCore_Equal,N/A,N/A,1791148628140143.584	,67.24,0.052,8
0,aclnnReduceSum_CastAiCore_Cast,N/A,N/A,1791148628140210.875	,6.302,0.052,8
0,aclnnReduceSum_ReduceSumOpAiCore_MemSet,N/A,N/A,1791148628140217.256	,1.589,0.078,8
0,aclnnReduceSum_ReduceSumOpAiCore_ReduceSum,N/A,N/A,1791148628140218.922	,20.885,0.078,8
0,aclnnReduceSum_CastAiCpu_Cast,N/A,N/A,1791148628140239.860	,135.781,0.052,8
0,aclnnInplaceCopy_CastAiCore_Cast,N/A,N/A,1791148628140375.719	,2.344,0.078,8
0,aclnnInplaceCopy_CastAiCore_Cast,N/A,N/A,1791148628140378.141	,1.094,0.078,5
0,aclnnSort_SortAiCore_MemSet,N/A,N/A,1791148628140379.313	,1.224,0.078,8
0,aclnnSort_SortAiCore_Sort,N/A,N/A,1791148628140380.615	,43.464,0.078,3
0,aclnnSort_CastAiCore_Cast,N/A,N/A,1791148628140424.157	,4.948,0.078,7
0,aclnnIndexSelect_GatherV2AiCore_GatherV2,N/A,N/A,1791148628140429.183	,24.609,0.078,8
0,aclnnCumsum_CumsumAiCpu_Cumsum,N/A,N/A,1791148628140453.870	,50.964,0.078,8
0,QwenW4A8PackV310,N/A,N/A,1791148628140504.912	,273.385,0.078,8
0,aclnnIndexSelect_GatherV2AiCore_GatherV2,N/A,N/A,1791148628140778.375	,14.036,0.078,8
0,aclnnIndexSelect_GatherV2AiCore_GatherV2,N/A,N/A,1791148628140792.490	,24.349,0.078,8
0,aclnnIndexSelect_GatherV2AiCore_GatherV2,N/A,N/A,1791148628140816.891	,13.984,0.052,8
0,aclnnIndexSelect_GatherV2AiCore_GatherV2,N/A,N/A,1791148628140830.953	,19.479,0.078,8
0,QwenW4A8Int4MatmulV310,N/A,N/A,1791148628140850.511	,6948.672,0.078,8
0,aclnnInplaceCopy_CastAiCore_Cast,N/A,N/A,1791148628147799.260	,168.828,0.078,8
0,aclnnSilu_SliceAiCore_Slice,N/A,N/A,1791148628147968.167	,155.703,0.078,8
0,aclnnSilu_SiluAiCore_Swish,N/A,N/A,1791148628148124.026	,178.906,0.156,8
0,aclnnSilu_SiluAiCore_Swish,N/A,N/A,1791148628148124.469	,175.651,0.0,7
0,aclnnMul_SliceAiCore_Slice,N/A,N/A,1791148628148303.088	,147.266,2.969,8
0,aclnnMul_MulAiCore_Mul,N/A,N/A,1791148628148450.432	,214.818,0.078,8
0,aclnnInplaceCopy_CastAiCore_Cast,N/A,N/A,1791148628148665.328	,95.651,0.078,8
0,QwenW4A8PackV310,N/A,N/A,1791148628148761.057	,610.026,0.078,8
0,QwenW4A8Int4MatmulV310,N/A,N/A,1791148628149371.135	,3766.12,0.052,8
0,aclnnInplaceCopy_CastAiCore_Cast,N/A,N/A,1791148628153137.307	,414.193,0.052,8
0,aclnnIndexSelect_GatherV2AiCore_GatherV2,N/A,N/A,1791148628153551.552	,24.297,0.052,8
0,aclnnInplaceMul_MulAiCore_Mul,N/A,N/A,1791148628153575.927	,454.948,0.078,8
0,aclnnIndexSelect_GatherV2AiCore_GatherV2,N/A,N/A,1791148628154030.927	,544.844,0.052,8
0,aclnnReduceSum_ReduceSumOpAiCore_MemSet,N/A,N/A,1791148628154575.822	,2.396,0.052,8
0,aclnnReduceSum_ReduceSumOpAiCore_ReduceSum,N/A,N/A,1791148628154578.296	,328.49,0.078,86
0,aclnnInplaceCopy_TensorMoveAiCore_TensorMove,N/A,N/A,1791148628154906.838	,26.224,0.052,8
0,aclnnSubs_SubAiCore_Sub,N/A,N/A,1791148628154933.114	,6.146,0.052,8
0,aclnnGeScalar_GreaterEqual_GreaterEqual,N/A,N/A,1791148628154939.338	,3.75,0.078,8
0,aclnnLtScalar_LessAiCore_Less,N/A,N/A,1791148628154943.140	,3.203,0.052,8
0,aclnnBitwiseAndTensor_LogicalAndAiCore_LogicalAnd,N/A,N/A,1791148628154946.395	,1.328,0.052,3
0,aclnnInplaceFillScalar_FillAiCore_Fill,N/A,N/A,1791148628154947.802	,0.99,0.078,1
0,aclnnSWhere_SelectV2AiCore_SelectV2,N/A,N/A,1791148628154948.869	,3.724,0.078,8
0,aclnnArange_ArangeAiCore_Range,N/A,N/A,1791148628154952.671	,2.057,0.078,8
0,aclnnInplaceCopy_BroadcastToAiCore_BroadcastTo,N/A,N/A,1791148628154954.781	,4.948,0.052,8
0,aclnnInplaceCopy_CastAiCore_Cast,N/A,N/A,1791148628154959.781	,2.76,0.052,8
0,aclnnInplaceCopy_CastAiCore_Cast,N/A,N/A,1791148628154962.593	,1.302,0.052,5
0,aclnnSort_SortAiCore_MemSet,N/A,N/A,1791148628154963.974	,2.63,0.078,8
0,aclnnSort_SortAiCore_Sort,N/A,N/A,1791148628154966.656	,37.943,0.052,3
0,aclnnSort_CastAiCore_Cast,N/A,N/A,1791148628155004.677	,7.734,0.078,7
0,aclnnArange_ArangeAiCore_Range,N/A,N/A,1791148628155012.489	,1.693,0.078,8
0,aclnnEqTensor_EqualAiCore_Equal,N/A,N/A,1791148628155014.260	,66.641,0.078,8
0,aclnnReduceSum_CastAiCore_Cast,N/A,N/A,1791148628155080.979	,6.25,0.078,8
0,aclnnReduceSum_ReduceSumOpAiCore_MemSet,N/A,N/A,1791148628155087.281	,2.37,0.052,8
0,aclnnReduceSum_ReduceSumOpAiCore_ReduceSum,N/A,N/A,1791148628155089.729	,21.016,0.078,8
0,aclnnReduceSum_CastAiCpu_Cast,N/A,N/A,1791148628155110.796	,132.474,0.052,8
0,aclnnInplaceCopy_CastAiCore_Cast,N/A,N/A,1791148628155243.348	,2.318,0.078,8
0,aclnnInplaceCopy_CastAiCore_Cast,N/A,N/A,1791148628155245.744	,1.094,0.078,5
0,aclnnSort_SortAiCore_MemSet,N/A,N/A,1791148628155246.890	,1.25,0.052,8
0,aclnnSort_SortAiCore_Sort,N/A,N/A,1791148628155248.218	,40.964,0.078,3
0,aclnnSort_CastAiCore_Cast,N/A,N/A,1791148628155289.234	,5.0,0.052,7
0,aclnnIndexSelect_GatherV2AiCore_GatherV2,N/A,N/A,1791148628155294.286	,24.583,0.052,8
0,aclnnCumsum_CumsumAiCpu_Cumsum,N/A,N/A,1791148628155318.947	,49.01,0.078,8
0,QwenW4A8PackV310,N/A,N/A,1791148628155368.010	,273.802,0.052,8
0,aclnnIndexSelect_GatherV2AiCore_GatherV2,N/A,N/A,1791148628155641.864	,13.724,0.052,8
0,aclnnIndexSelect_GatherV2AiCore_GatherV2,N/A,N/A,1791148628155655.666	,23.281,0.078,8
0,aclnnIndexSelect_GatherV2AiCore_GatherV2,N/A,N/A,1791148628155679.026	,13.984,0.078,8
0,aclnnIndexSelect_GatherV2AiCore_GatherV2,N/A,N/A,1791148628155693.062	,19.401,0.052,8
0,QwenW4A8Int4MatmulV310,N/A,N/A,1791148628155712.541	,6988.359,0.078,8
0,aclnnInplaceCopy_CastAiCore_Cast,N/A,N/A,1791148628162700.978	,169.792,0.078,8
0,aclnnSilu_SliceAiCore_Slice,N/A,N/A,1791148628162870.848	,157.656,0.078,8
0,aclnnSilu_SiluAiCore_Swish,N/A,N/A,1791148628163028.687	,178.62,0.182,8
0,aclnnSilu_SiluAiCore_Swish,N/A,N/A,1791148628163029.129	,175.312,0.0,7
0,aclnnMul_SliceAiCore_Slice,N/A,N/A,1791148628163207.463	,145.443,3.021,8
0,aclnnMul_MulAiCore_Mul,N/A,N/A,1791148628163352.984	,214.297,0.078,8
0,aclnnInplaceCopy_CastAiCore_Cast,N/A,N/A,1791148628163567.358	,96.016,0.078,8
0,QwenW4A8PackV310,N/A,N/A,1791148628163663.452	,612.37,0.078,8
0,QwenW4A8Int4MatmulV310,N/A,N/A,1791148628164275.900	,3758.724,0.078,8
0,aclnnInplaceCopy_CastAiCore_Cast,N/A,N/A,1791148628168034.702	,416.146,0.078,8
0,aclnnIndexSelect_GatherV2AiCore_GatherV2,N/A,N/A,1791148628168450.926	,23.88,0.078,8
0,aclnnInplaceMul_MulAiCore_Mul,N/A,N/A,1791148628168474.884	,456.302,0.078,8
0,aclnnIndexSelect_GatherV2AiCore_GatherV2,N/A,N/A,1791148628168931.264	,548.88,0.078,8
0,aclnnReduceSum_ReduceSumOpAiCore_MemSet,N/A,N/A,1791148628169480.223	,2.448,0.078,8
0,aclnnReduceSum_ReduceSumOpAiCore_ReduceSum,N/A,N/A,1791148628169482.749	,327.656,0.078,86
0,aclnnInplaceCopy_TensorMoveAiCore_TensorMove,N/A,N/A,1791148628169810.483	,30.26,0.078,8
0,aclnnSubs_SubAiCore_Sub,N/A,N/A,1791148628169840.822	,6.38,0.078,8
0,aclnnGeScalar_GreaterEqual_GreaterEqual,N/A,N/A,1791148628169847.280	,3.854,0.078,8
0,aclnnLtScalar_LessAiCore_Less,N/A,N/A,1791148628169851.186	,3.359,0.052,8
0,aclnnBitwiseAndTensor_LogicalAndAiCore_LogicalAnd,N/A,N/A,1791148628169854.624	,1.302,0.078,3
0,aclnnInplaceFillScalar_FillAiCore_Fill,N/A,N/A,1791148628169856.004	,1.016,0.078,1
0,aclnnSWhere_SelectV2AiCore_SelectV2,N/A,N/A,1791148628169857.098	,3.516,0.078,8
0,aclnnArange_ArangeAiCore_Range,N/A,N/A,1791148628169860.691	,2.005,0.078,8
0,aclnnInplaceCopy_BroadcastToAiCore_BroadcastTo,N/A,N/A,1791148628169862.775	,4.87,0.078,8
0,aclnnInplaceCopy_CastAiCore_Cast,N/A,N/A,1791148628169867.723	,2.865,0.078,8
0,aclnnInplaceCopy_CastAiCore_Cast,N/A,N/A,1791148628169870.665	,1.25,0.078,5
0,aclnnSort_SortAiCore_MemSet,N/A,N/A,1791148628169871.994	,2.474,0.078,8
0,aclnnSort_SortAiCore_Sort,N/A,N/A,1791148628169874.520	,39.245,0.052,3
0,aclnnSort_CastAiCore_Cast,N/A,N/A,1791148628169913.843	,7.578,0.078,7
0,aclnnArange_ArangeAiCore_Range,N/A,N/A,1791148628169921.499	,1.719,0.078,8
0,aclnnEqTensor_EqualAiCore_Equal,N/A,N/A,1791148628169923.270	,66.562,0.052,8
0,aclnnReduceSum_CastAiCore_Cast,N/A,N/A,1791148628169989.884	,7.057,0.052,8
0,aclnnReduceSum_ReduceSumOpAiCore_MemSet,N/A,N/A,1791148628169997.020	,1.458,0.078,8
0,aclnnReduceSum_ReduceSumOpAiCore_ReduceSum,N/A,N/A,1791148628169998.556	,20.964,0.078,8
0,aclnnReduceSum_CastAiCpu_Cast,N/A,N/A,1791148628170019.598	,128.62,0.078,8
0,aclnnInplaceCopy_CastAiCore_Cast,N/A,N/A,1791148628170148.296	,2.344,0.078,8
0,aclnnInplaceCopy_CastAiCore_Cast,N/A,N/A,1791148628170150.718	,1.094,0.078,5
0,aclnnSort_SortAiCore_MemSet,N/A,N/A,1791148628170151.889	,1.849,0.078,8
0,aclnnSort_SortAiCore_Sort,N/A,N/A,1791148628170153.816	,41.589,0.078,3
0,aclnnSort_CastAiCore_Cast,N/A,N/A,1791148628170195.483	,4.948,0.078,7
0,aclnnIndexSelect_GatherV2AiCore_GatherV2,N/A,N/A,1791148628170200.509	,24.557,0.078,8
0,aclnnCumsum_CumsumAiCpu_Cumsum,N/A,N/A,1791148628170225.145	,42.448,0.078,8
0,QwenW4A8PackV310,N/A,N/A,1791148628170267.671	,273.229,0.078,8
0,aclnnIndexSelect_GatherV2AiCore_GatherV2,N/A,N/A,1791148628170540.978	,13.776,0.078,8
0,aclnnIndexSelect_GatherV2AiCore_GatherV2,N/A,N/A,1791148628170554.806	,24.609,0.052,8
0,aclnnIndexSelect_GatherV2AiCore_GatherV2,N/A,N/A,1791148628170579.494	,13.75,0.078,8
0,aclnnIndexSelect_GatherV2AiCore_GatherV2,N/A,N/A,1791148628170593.322	,19.661,0.078,8
0,QwenW4A8Int4MatmulV310,N/A,N/A,1791148628170613.035	,6950.547,0.052,8
0,aclnnInplaceCopy_CastAiCore_Cast,N/A,N/A,1791148628177563.634	,169.948,0.052,8
0,aclnnSilu_SliceAiCore_Slice,N/A,N/A,1791148628177733.660	,156.328,0.078,8
0,aclnnSilu_SiluAiCore_Swish,N/A,N/A,1791148628177890.144	,178.281,0.156,8
0,aclnnSilu_SiluAiCore_Swish,N/A,N/A,1791148628177890.587	,175.547,0.0,7
0,aclnnMul_SliceAiCore_Slice,N/A,N/A,1791148628178068.634	,146.901,2.5,8
0,aclnnMul_MulAiCore_Mul,N/A,N/A,1791148628178215.613	,215.911,0.078,8
0,aclnnInplaceCopy_CastAiCore_Cast,N/A,N/A,1791148628178431.576	,97.318,0.052,8
0,QwenW4A8PackV310,N/A,N/A,1791148628178528.946	,612.526,0.052,8
0,QwenW4A8Int4MatmulV310,N/A,N/A,1791148628179141.524	,3729.609,0.052,8
0,aclnnInplaceCopy_CastAiCore_Cast,N/A,N/A,1791148628182871.186	,414.74,0.052,8
0,aclnnIndexSelect_GatherV2AiCore_GatherV2,N/A,N/A,1791148628183286.003	,24.219,0.078,8
0,aclnnInplaceMul_MulAiCore_Mul,N/A,N/A,1791148628183310.274	,461.562,0.052,8
0,aclnnIndexSelect_GatherV2AiCore_GatherV2,N/A,N/A,1791148628183771.889	,543.542,0.052,8
0,aclnnReduceSum_ReduceSumOpAiCore_MemSet,N/A,N/A,1791148628184315.482	,2.474,0.052,8
0,aclnnReduceSum_ReduceSumOpAiCore_ReduceSum,N/A,N/A,1791148628184318.034	,328.411,0.078,86
0,aclnnInplaceCopy_TensorMoveAiCore_TensorMove,N/A,N/A,1791148628184646.524	,26.719,0.078,8
0,aclnnSubs_SubAiCore_Sub,N/A,N/A,1791148628184673.295	,6.38,0.052,8
0,aclnnGeScalar_GreaterEqual_GreaterEqual,N/A,N/A,1791148628184679.727	,3.62,0.052,8
0,aclnnLtScalar_LessAiCore_Less,N/A,N/A,1791148628184683.425	,3.359,0.078,8
0,aclnnBitwiseAndTensor_LogicalAndAiCore_LogicalAnd,N/A,N/A,1791148628184686.863	,1.328,0.078,3
0,aclnnInplaceFillScalar_FillAiCore_Fill,N/A,N/A,1791148628184688.243	,1.068,0.052,1
0,aclnnSWhere_SelectV2AiCore_SelectV2,N/A,N/A,1791148628184689.389	,3.75,0.078,8
0,aclnnArange_ArangeAiCore_Range,N/A,N/A,1791148628184693.191	,2.057,0.052,8
0,aclnnInplaceCopy_BroadcastToAiCore_BroadcastTo,N/A,N/A,1791148628184695.326	,4.896,0.078,8
0,aclnnInplaceCopy_CastAiCore_Cast,N/A,N/A,1791148628184700.300	,2.708,0.078,8
0,aclnnInplaceCopy_CastAiCore_Cast,N/A,N/A,1791148628184703.060	,1.276,0.052,5
0,aclnnSort_SortAiCore_MemSet,N/A,N/A,1791148628184704.415	,2.604,0.078,8
0,aclnnSort_SortAiCore_Sort,N/A,N/A,1791148628184707.097	,38.411,0.078,3
0,aclnnSort_CastAiCore_Cast,N/A,N/A,1791148628184745.587	,8.125,0.078,7
0,aclnnArange_ArangeAiCore_Range,N/A,N/A,1791148628184753.764	,1.823,0.052,8
0,aclnnEqTensor_EqualAiCore_Equal,N/A,N/A,1791148628184755.665	,67.37,0.078,8
0,aclnnReduceSum_CastAiCore_Cast,N/A,N/A,1791148628184823.113	,6.979,0.078,8
0,aclnnReduceSum_ReduceSumOpAiCore_MemSet,N/A,N/A,1791148628184830.170	,1.51,0.078,8
0,aclnnReduceSum_ReduceSumOpAiCore_ReduceSum,N/A,N/A,1791148628184831.758	,21.224,0.078,8
0,aclnnReduceSum_CastAiCpu_Cast,N/A,N/A,1791148628184853.060	,131.771,0.078,8
0,aclnnInplaceCopy_CastAiCore_Cast,N/A,N/A,1791148628184984.909	,2.37,0.078,8
0,aclnnInplaceCopy_CastAiCore_Cast,N/A,N/A,1791148628184987.357	,1.094,0.078,5
0,aclnnSort_SortAiCore_MemSet,N/A,N/A,1791148628184988.529	,2.109,0.078,8
0,aclnnSort_SortAiCore_Sort,N/A,N/A,1791148628184990.691	,41.12,0.052,3
0,aclnnSort_CastAiCore_Cast,N/A,N/A,1791148628185031.889	,4.948,0.078,7
0,aclnnIndexSelect_GatherV2AiCore_GatherV2,N/A,N/A,1791148628185036.889	,24.583,0.052,8
0,aclnnCumsum_CumsumAiCpu_Cumsum,N/A,N/A,1791148628185061.550	,39.427,0.078,8
0,QwenW4A8PackV310,N/A,N/A,1791148628185101.029	,273.151,0.052,8
0,aclnnIndexSelect_GatherV2AiCore_GatherV2,N/A,N/A,1791148628185374.232	,14.583,0.052,8
0,aclnnIndexSelect_GatherV2AiCore_GatherV2,N/A,N/A,1791148628185388.868	,20.417,0.052,8
0,aclnnIndexSelect_GatherV2AiCore_GatherV2,N/A,N/A,1791148628185409.363	,14.323,0.078,8
0,aclnnIndexSelect_GatherV2AiCore_GatherV2,N/A,N/A,1791148628185423.764	,19.661,0.078,8
0,QwenW4A8Int4MatmulV310,N/A,N/A,1791148628185443.503	,6735.234,0.078,8
0,aclnnInplaceCopy_CastAiCore_Cast,N/A,N/A,1791148628192178.815	,171.302,0.078,8
0,aclnnSilu_SliceAiCore_Slice,N/A,N/A,1791148628192350.196	,157.474,0.078,8
0,aclnnSilu_SiluAiCore_Swish,N/A,N/A,1791148628192507.826	,178.516,0.156,8
0,aclnnSilu_SiluAiCore_Swish,N/A,N/A,1791148628192508.242	,175.156,0.0,7
0,aclnnMul_SliceAiCore_Slice,N/A,N/A,1791148628192686.472	,147.292,3.073,8
0,aclnnMul_MulAiCore_Mul,N/A,N/A,1791148628192833.815	,214.479,0.052,8
0,aclnnInplaceCopy_CastAiCore_Cast,N/A,N/A,1791148628193048.373	,95.078,0.078,8
0,QwenW4A8PackV310,N/A,N/A,1791148628193143.503	,612.161,0.052,8
0,QwenW4A8Int4MatmulV310,N/A,N/A,1791148628193755.742	,3631.614,0.078,8
0,aclnnInplaceCopy_CastAiCore_Cast,N/A,N/A,1791148628197387.435	,415.547,0.078,8
0,aclnnIndexSelect_GatherV2AiCore_GatherV2,N/A,N/A,1791148628197803.060	,24.115,0.078,8
0,aclnnInplaceMul_MulAiCore_Mul,N/A,N/A,1791148628197827.253	,465.703,0.078,8
0,aclnnIndexSelect_GatherV2AiCore_GatherV2,N/A,N/A,1791148628198293.034	,544.505,0.078,8
0,aclnnReduceSum_ReduceSumOpAiCore_MemSet,N/A,N/A,1791148628198837.617	,2.5,0.078,8
0,aclnnReduceSum_ReduceSumOpAiCore_ReduceSum,N/A,N/A,1791148628198840.195	,324.062,0.078,86
0,aclnnInplaceCopy_TensorMoveAiCore_TensorMove,N/A,N/A,1791148628199164.310	,26.432,0.052,8
0,aclnnSubs_SubAiCore_Sub,N/A,N/A,1791148628199190.794	,6.38,0.052,8
0,aclnnGeScalar_GreaterEqual_GreaterEqual,N/A,N/A,1791148628199197.252	,4.036,0.078,8
0,aclnnLtScalar_LessAiCore_Less,N/A,N/A,1791148628199201.367	,3.333,0.078,8
0,aclnnBitwiseAndTensor_LogicalAndAiCore_LogicalAnd,N/A,N/A,1791148628199204.778	,1.302,0.078,3
0,aclnnInplaceFillScalar_FillAiCore_Fill,N/A,N/A,1791148628199206.159	,1.068,0.078,1
0,aclnnSWhere_SelectV2AiCore_SelectV2,N/A,N/A,1791148628199207.305	,3.62,0.078,8
0,aclnnArange_ArangeAiCore_Range,N/A,N/A,1791148628199211.002	,1.953,0.078,8
0,aclnnInplaceCopy_BroadcastToAiCore_BroadcastTo,N/A,N/A,1791148628199213.034	,4.74,0.078,8
0,aclnnInplaceCopy_CastAiCore_Cast,N/A,N/A,1791148628199217.825	,2.63,0.052,8
0,aclnnInplaceCopy_CastAiCore_Cast,N/A,N/A,1791148628199220.508	,1.224,0.052,5
0,aclnnSort_SortAiCore_MemSet,N/A,N/A,1791148628199221.784	,2.63,0.052,8
0,aclnnSort_SortAiCore_Sort,N/A,N/A,1791148628199224.492	,38.568,0.078,3
0,aclnnSort_CastAiCore_Cast,N/A,N/A,1791148628199263.138	,7.578,0.078,7
0,aclnnArange_ArangeAiCore_Range,N/A,N/A,1791148628199270.794	,1.693,0.078,8
0,aclnnEqTensor_EqualAiCore_Equal,N/A,N/A,1791148628199272.565	,66.536,0.078,8
0,aclnnReduceSum_CastAiCore_Cast,N/A,N/A,1791148628199339.180	,6.198,0.078,8
0,aclnnReduceSum_ReduceSumOpAiCore_MemSet,N/A,N/A,1791148628199345.456	,1.536,0.078,8
0,aclnnReduceSum_ReduceSumOpAiCore_ReduceSum,N/A,N/A,1791148628199347.070	,21.536,0.078,8
0,aclnnReduceSum_CastAiCpu_Cast,N/A,N/A,1791148628199368.685	,140.26,0.078,8
0,aclnnInplaceCopy_CastAiCore_Cast,N/A,N/A,1791148628199509.023	,2.37,0.078,8
0,aclnnInplaceCopy_CastAiCore_Cast,N/A,N/A,1791148628199511.445	,1.172,0.052,5
0,aclnnSort_SortAiCore_MemSet,N/A,N/A,1791148628199512.695	,1.172,0.078,8
0,aclnnSort_SortAiCore_Sort,N/A,N/A,1791148628199513.919	,39.505,0.052,3
0,aclnnSort_CastAiCore_Cast,N/A,N/A,1791148628199553.476	,4.974,0.052,7
0,aclnnIndexSelect_GatherV2AiCore_GatherV2,N/A,N/A,1791148628199558.502	,24.609,0.052,8
0,aclnnCumsum_CumsumAiCpu_Cumsum,N/A,N/A,1791148628199583.190	,53.568,0.078,8
0,QwenW4A8PackV310,N/A,N/A,1791148628199636.810	,273.854,0.052,8
0,aclnnIndexSelect_GatherV2AiCore_GatherV2,N/A,N/A,1791148628199910.742	,14.271,0.078,8
0,aclnnIndexSelect_GatherV2AiCore_GatherV2,N/A,N/A,1791148628199925.065	,24.714,0.052,8
0,aclnnIndexSelect_GatherV2AiCore_GatherV2,N/A,N/A,1791148628199949.857	,14.323,0.078,8
0,aclnnIndexSelect_GatherV2AiCore_GatherV2,N/A,N/A,1791148628199964.232	,20.312,0.052,8
0,QwenW4A8Int4MatmulV310,N/A,N/A,1791148628199984.622	,7068.776,0.078,8
0,aclnnInplaceCopy_CastAiCore_Cast,N/A,N/A,1791148628207053.476	,168.62,0.078,8
0,aclnnSilu_SliceAiCore_Slice,N/A,N/A,1791148628207222.174	,156.797,0.078,8
0,aclnnSilu_SiluAiCore_Swish,N/A,N/A,1791148628207379.127	,178.802,0.156,8
0,aclnnSilu_SiluAiCore_Swish,N/A,N/A,1791148628207379.570	,175.573,0.0,7
0,aclnnMul_SliceAiCore_Slice,N/A,N/A,1791148628207558.085	,146.562,2.943,8
0,aclnnMul_MulAiCore_Mul,N/A,N/A,1791148628207704.726	,216.38,0.078,8
0,aclnnInplaceCopy_CastAiCore_Cast,N/A,N/A,1791148628207921.158	,95.365,0.052,8
0,QwenW4A8PackV310,N/A,N/A,1791148628208016.601	,611.849,0.078,8
0,QwenW4A8Int4MatmulV310,N/A,N/A,1791148628208628.528	,3752.161,0.078,8
0,aclnnInplaceCopy_CastAiCore_Cast,N/A,N/A,1791148628212380.767	,414.115,0.078,8
0,aclnnIndexSelect_GatherV2AiCore_GatherV2,N/A,N/A,1791148628212794.960	,24.505,0.078,8
0,aclnnInplaceMul_MulAiCore_Mul,N/A,N/A,1791148628212819.543	,461.406,0.078,8
0,aclnnIndexSelect_GatherV2AiCore_GatherV2,N/A,N/A,1791148628213281.002	,544.792,0.052,8
0,aclnnReduceSum_ReduceSumOpAiCore_MemSet,N/A,N/A,1791148628213825.871	,2.578,0.078,8
0,aclnnReduceSum_ReduceSumOpAiCore_ReduceSum,N/A,N/A,1791148628213828.528	,328.75,0.078,86
0,aclnnInplaceCopy_TensorMoveAiCore_TensorMove,N/A,N/A,1791148628214157.330	,26.641,0.052,8
0,aclnnSubs_SubAiCore_Sub,N/A,N/A,1791148628214184.022	,6.432,0.052,8
0,aclnnGeScalar_GreaterEqual_GreaterEqual,N/A,N/A,1791148628214190.611	,3.906,0.156,8
0,aclnnLtScalar_LessAiCore_Less,N/A,N/A,1791148628214194.595	,3.438,0.078,8
0,aclnnBitwiseAndTensor_LogicalAndAiCore_LogicalAnd,N/A,N/A,1791148628214198.085	,1.328,0.052,3
0,aclnnInplaceFillScalar_FillAiCore_Fill,N/A,N/A,1791148628214199.491	,1.016,0.078,1
0,aclnnSWhere_SelectV2AiCore_SelectV2,N/A,N/A,1791148628214200.559	,3.594,0.052,8
0,aclnnArange_ArangeAiCore_Range,N/A,N/A,1791148628214204.231	,2.057,0.078,8
0,aclnnInplaceCopy_BroadcastToAiCore_BroadcastTo,N/A,N/A,1791148628214206.366	,5.026,0.078,8
0,aclnnInplaceCopy_CastAiCore_Cast,N/A,N/A,1791148628214211.470	,2.682,0.078,8
0,aclnnInplaceCopy_CastAiCore_Cast,N/A,N/A,1791148628214214.231	,1.328,0.078,5
0,aclnnSort_SortAiCore_MemSet,N/A,N/A,1791148628214215.611	,2.604,0.052,8
0,aclnnSort_SortAiCore_Sort,N/A,N/A,1791148628214218.293	,38.125,0.078,3
0,aclnnSort_CastAiCore_Cast,N/A,N/A,1791148628214256.496	,7.526,0.078,7
0,aclnnArange_ArangeAiCore_Range,N/A,N/A,1791148628214264.101	,1.693,0.078,8
0,aclnnEqTensor_EqualAiCore_Equal,N/A,N/A,1791148628214265.845	,66.667,0.052,8
0,aclnnReduceSum_CastAiCore_Cast,N/A,N/A,1791148628214332.590	,7.24,0.078,8
0,aclnnReduceSum_ReduceSumOpAiCore_MemSet,N/A,N/A,1791148628214339.882	,1.562,0.052,8
0,aclnnReduceSum_ReduceSumOpAiCore_ReduceSum,N/A,N/A,1791148628214341.496	,20.911,0.052,8
0,aclnnReduceSum_CastAiCpu_Cast,N/A,N/A,1791148628214362.460	,128.594,0.052,8
0,aclnnInplaceCopy_CastAiCore_Cast,N/A,N/A,1791148628214491.132	,2.344,0.078,8
0,aclnnInplaceCopy_CastAiCore_Cast,N/A,N/A,1791148628214493.554	,1.068,0.078,5
0,aclnnSort_SortAiCore_MemSet,N/A,N/A,1791148628214494.700	,1.276,0.078,8
0,aclnnSort_SortAiCore_Sort,N/A,N/A,1791148628214496.028	,41.745,0.052,3
0,aclnnSort_CastAiCore_Cast,N/A,N/A,1791148628214537.851	,4.896,0.078,7
0,aclnnIndexSelect_GatherV2AiCore_GatherV2,N/A,N/A,1791148628214542.825	,24.531,0.078,8
0,aclnnCumsum_CumsumAiCpu_Cumsum,N/A,N/A,1791148628214567.434	,51.458,0.078,8
0,QwenW4A8PackV310,N/A,N/A,1791148628214618.970	,273.516,0.078,8
0,aclnnIndexSelect_GatherV2AiCore_GatherV2,N/A,N/A,1791148628214892.564	,13.932,0.078,8
0,aclnnIndexSelect_GatherV2AiCore_GatherV2,N/A,N/A,1791148628214906.575	,23.49,0.078,8
0,aclnnIndexSelect_GatherV2AiCore_GatherV2,N/A,N/A,1791148628214930.116	,12.891,0.052,8
0,aclnnIndexSelect_GatherV2AiCore_GatherV2,N/A,N/A,1791148628214943.085	,21.094,0.078,8
0,QwenW4A8Int4MatmulV310,N/A,N/A,1791148628214964.231	,6978.567,0.052,8
0,aclnnInplaceCopy_CastAiCore_Cast,N/A,N/A,1791148628221942.850	,168.568,0.052,8
0,aclnnSilu_SliceAiCore_Slice,N/A,N/A,1791148628222111.470	,157.812,0.052,8
0,aclnnSilu_SiluAiCore_Swish,N/A,N/A,1791148628222269.439	,178.568,0.156,8
0,aclnnSilu_SiluAiCore_Swish,N/A,N/A,1791148628222269.881	,175.937,0.0,7
0,aclnnMul_SliceAiCore_Slice,N/A,N/A,1791148628222448.163	,144.948,2.344,8
0,aclnnMul_MulAiCore_Mul,N/A,N/A,1791148628222593.163	,216.432,0.052,8
0,aclnnInplaceCopy_CastAiCore_Cast,N/A,N/A,1791148628222809.647	,95.729,0.052,8
0,QwenW4A8PackV310,N/A,N/A,1791148628222905.454	,616.302,0.078,8
0,QwenW4A8Int4MatmulV310,N/A,N/A,1791148628223521.835	,3771.146,0.078,8
0,aclnnInplaceCopy_CastAiCore_Cast,N/A,N/A,1791148628227293.058	,414.922,0.078,8
0,aclnnIndexSelect_GatherV2AiCore_GatherV2,N/A,N/A,1791148628227708.032	,24.844,0.052,8
0,aclnnInplaceMul_MulAiCore_Mul,N/A,N/A,1791148628227732.928	,455.417,0.052,8
0,aclnnIndexSelect_GatherV2AiCore_GatherV2,N/A,N/A,1791148628228188.397	,548.255,0.052,8
0,aclnnReduceSum_ReduceSumOpAiCore_MemSet,N/A,N/A,1791148628228736.730	,2.5,0.078,8
0,aclnnReduceSum_ReduceSumOpAiCore_ReduceSum,N/A,N/A,1791148628228739.282	,325.755,0.052,86
0,aclnnInplaceCopy_TensorMoveAiCore_TensorMove,N/A,N/A,1791148628229065.115	,26.484,0.078,8
0,aclnnSubs_SubAiCore_Sub,N/A,N/A,1791148628229091.678	,6.224,0.078,8
0,aclnnGeScalar_GreaterEqual_GreaterEqual,N/A,N/A,1791148628229097.980	,3.854,0.078,8
0,aclnnLtScalar_LessAiCore_Less,N/A,N/A,1791148628229101.886	,3.516,0.052,8
0,aclnnBitwiseAndTensor_LogicalAndAiCore_LogicalAnd,N/A,N/A,1791148628229105.480	,1.328,0.078,3
0,aclnnInplaceFillScalar_FillAiCore_Fill,N/A,N/A,1791148628229106.886	,1.016,0.078,1
0,aclnnSWhere_SelectV2AiCore_SelectV2,N/A,N/A,1791148628229107.980	,3.594,0.078,8
0,aclnnArange_ArangeAiCore_Range,N/A,N/A,1791148628229111.652	,2.031,0.078,8
0,aclnnInplaceCopy_BroadcastToAiCore_BroadcastTo,N/A,N/A,1791148628229113.761	,4.844,0.078,8
0,aclnnInplaceCopy_CastAiCore_Cast,N/A,N/A,1791148628229118.683	,2.682,0.078,8
0,aclnnInplaceCopy_CastAiCore_Cast,N/A,N/A,1791148628229121.418	,1.25,0.052,5
0,aclnnSort_SortAiCore_MemSet,N/A,N/A,1791148628229122.720	,2.526,0.052,8
0,aclnnSort_SortAiCore_Sort,N/A,N/A,1791148628229125.324	,39.583,0.078,3
0,aclnnSort_CastAiCore_Cast,N/A,N/A,1791148628229164.985	,7.995,0.078,7
0,aclnnArange_ArangeAiCore_Range,N/A,N/A,1791148628229173.058	,1.745,0.078,8
0,aclnnEqTensor_EqualAiCore_Equal,N/A,N/A,1791148628229174.855	,67.318,0.052,8
0,aclnnReduceSum_CastAiCore_Cast,N/A,N/A,1791148628229242.251	,6.328,0.078,8
0,aclnnReduceSum_ReduceSumOpAiCore_MemSet,N/A,N/A,1791148628229248.631	,1.615,0.052,8
0,aclnnReduceSum_ReduceSumOpAiCore_ReduceSum,N/A,N/A,1791148628229250.324	,20.964,0.078,8
0,aclnnReduceSum_CastAiCpu_Cast,N/A,N/A,1791148628229271.365	,133.594,0.078,8
0,aclnnInplaceCopy_CastAiCore_Cast,N/A,N/A,1791148628229405.037	,2.318,0.078,8
0,aclnnInplaceCopy_CastAiCore_Cast,N/A,N/A,1791148628229407.433	,1.094,0.078,5
0,aclnnSort_SortAiCore_MemSet,N/A,N/A,1791148628229408.579	,1.25,0.052,8
0,aclnnSort_SortAiCore_Sort,N/A,N/A,1791148628229409.907	,43.099,0.078,3
0,aclnnSort_CastAiCore_Cast,N/A,N/A,1791148628229453.084	,4.974,0.078,7
0,aclnnIndexSelect_GatherV2AiCore_GatherV2,N/A,N/A,1791148628229458.136	,24.531,0.078,8
0,aclnnCumsum_CumsumAiCpu_Cumsum,N/A,N/A,1791148628229482.746	,56.927,0.078,8
0,QwenW4A8PackV310,N/A,N/A,1791148628229539.751	,273.698,0.078,8
0,aclnnIndexSelect_GatherV2AiCore_GatherV2,N/A,N/A,1791148628229813.527	,13.698,0.078,8
0,aclnnIndexSelect_GatherV2AiCore_GatherV2,N/A,N/A,1791148628229827.303	,26.536,0.078,8
0,aclnnIndexSelect_GatherV2AiCore_GatherV2,N/A,N/A,1791148628229853.918	,12.656,0.078,8
0,aclnnIndexSelect_GatherV2AiCore_GatherV2,N/A,N/A,1791148628229866.626	,20.469,0.052,8
0,QwenW4A8Int4MatmulV310,N/A,N/A,1791148628229887.173	,6926.067,0.078,8
0,aclnnInplaceCopy_CastAiCore_Cast,N/A,N/A,1791148628236813.292	,169.505,0.052,8
0,aclnnSilu_SliceAiCore_Slice,N/A,N/A,1791148628236982.849	,155.547,0.052,8
0,aclnnSilu_SiluAiCore_Swish,N/A,N/A,1791148628237138.527	,178.958,0.13,8
0,aclnnSilu_SiluAiCore_Swish,N/A,N/A,1791148628237138.969	,175.599,0.0,7
0,aclnnMul_SliceAiCore_Slice,N/A,N/A,1791148628237317.615	,146.589,3.047,8
0,aclnnMul_MulAiCore_Mul,N/A,N/A,1791148628237464.282	,214.74,0.078,8
0,aclnnInplaceCopy_CastAiCore_Cast,N/A,N/A,1791148628237679.099	,96.823,0.078,8
0,QwenW4A8PackV310,N/A,N/A,1791148628237776.000	,612.292,0.078,8
0,QwenW4A8Int4MatmulV310,N/A,N/A,1791148628238388.370	,3716.614,0.078,8
0,aclnnInplaceCopy_CastAiCore_Cast,N/A,N/A,1791148628242105.063	,414.974,0.078,8
0,aclnnIndexSelect_GatherV2AiCore_GatherV2,N/A,N/A,1791148628242520.115	,23.828,0.078,8
0,aclnnInplaceMul_MulAiCore_Mul,N/A,N/A,1791148628242544.021	,470.755,0.078,8
0,aclnnIndexSelect_GatherV2AiCore_GatherV2,N/A,N/A,1791148628243014.854	,544.505,0.078,8
0,aclnnReduceSum_ReduceSumOpAiCore_MemSet,N/A,N/A,1791148628243559.438	,2.5,0.078,8
0,aclnnReduceSum_ReduceSumOpAiCore_ReduceSum,N/A,N/A,1791148628243562.016	,328.125,0.078,86
0,aclnnInplaceCopy_TensorMoveAiCore_TensorMove,N/A,N/A,1791148628243890.219	,26.693,0.078,8
0,aclnnSubs_SubAiCore_Sub,N/A,N/A,1791148628243916.990	,6.38,0.078,8
0,aclnnGeScalar_GreaterEqual_GreaterEqual,N/A,N/A,1791148628243923.422	,3.776,0.052,8
0,aclnnLtScalar_LessAiCore_Less,N/A,N/A,1791148628243927.276	,3.62,0.078,8
0,aclnnBitwiseAndTensor_LogicalAndAiCore_LogicalAnd,N/A,N/A,1791148628243930.948	,1.328,0.052,3
0,aclnnInplaceFillScalar_FillAiCore_Fill,N/A,N/A,1791148628243932.328	,1.068,0.052,1
0,aclnnSWhere_SelectV2AiCore_SelectV2,N/A,N/A,1791148628243933.448	,3.568,0.052,8
0,aclnnArange_ArangeAiCore_Range,N/A,N/A,1791148628243937.094	,2.057,0.078,8
0,aclnnInplaceCopy_BroadcastToAiCore_BroadcastTo,N/A,N/A,1791148628243939.229	,4.896,0.078,8
0,aclnnInplaceCopy_CastAiCore_Cast,N/A,N/A,1791148628243944.203	,2.63,0.078,8
0,aclnnInplaceCopy_CastAiCore_Cast,N/A,N/A,1791148628243946.912	,1.302,0.078,5
0,aclnnSort_SortAiCore_MemSet,N/A,N/A,1791148628243948.292	,2.604,0.078,8
0,aclnnSort_SortAiCore_Sort,N/A,N/A,1791148628243950.974	,38.854,0.078,3
0,aclnnSort_CastAiCore_Cast,N/A,N/A,1791148628243989.880	,8.75,0.052,7
0,aclnnArange_ArangeAiCore_Range,N/A,N/A,1791148628243998.708	,1.823,0.078,8
0,aclnnEqTensor_EqualAiCore_Equal,N/A,N/A,1791148628244000.583	,66.484,0.052,8
0,aclnnReduceSum_CastAiCore_Cast,N/A,N/A,1791148628244067.146	,7.109,0.078,8
0,aclnnReduceSum_ReduceSumOpAiCore_MemSet,N/A,N/A,1791148628244074.307	,1.484,0.052,8
0,aclnnReduceSum_ReduceSumOpAiCore_ReduceSum,N/A,N/A,1791148628244075.870	,22.839,0.078,8
0,aclnnReduceSum_CastAiCpu_Cast,N/A,N/A,1791148628244098.761	,137.5,0.052,8
0,aclnnInplaceCopy_CastAiCore_Cast,N/A,N/A,1791148628244236.339	,2.344,0.078,8
0,aclnnInplaceCopy_CastAiCore_Cast,N/A,N/A,1791148628244238.761	,1.094,0.078,5
0,aclnnSort_SortAiCore_MemSet,N/A,N/A,1791148628244239.932	,1.328,0.078,8
0,aclnnSort_SortAiCore_Sort,N/A,N/A,1791148628244241.339	,40.781,0.078,3
0,aclnnSort_CastAiCore_Cast,N/A,N/A,1791148628244282.198	,5.0,0.078,7
0,aclnnIndexSelect_GatherV2AiCore_GatherV2,N/A,N/A,1791148628244287.276	,24.609,0.078,8
0,aclnnCumsum_CumsumAiCpu_Cumsum,N/A,N/A,1791148628244311.964	,41.901,0.078,8
0,QwenW4A8PackV310,N/A,N/A,1791148628244353.943	,273.411,0.078,8
0,aclnnIndexSelect_GatherV2AiCore_GatherV2,N/A,N/A,1791148628244627.432	,14.141,0.078,8
0,aclnnIndexSelect_GatherV2AiCore_GatherV2,N/A,N/A,1791148628244641.651	,20.391,0.078,8
0,aclnnIndexSelect_GatherV2AiCore_GatherV2,N/A,N/A,1791148628244662.120	,14.193,0.078,8
0,aclnnIndexSelect_GatherV2AiCore_GatherV2,N/A,N/A,1791148628244676.365	,20.026,0.052,8
0,QwenW4A8Int4MatmulV310,N/A,N/A,1791148628244696.469	,6716.093,0.078,8
0,aclnnInplaceCopy_CastAiCore_Cast,N/A,N/A,1791148628251412.614	,171.042,0.052,8
0,aclnnSilu_SliceAiCore_Slice,N/A,N/A,1791148628251583.734	,156.276,0.078,8
0,aclnnSilu_SiluAiCore_Swish,N/A,N/A,1791148628251740.166	,178.802,0.156,8
0,aclnnSilu_SiluAiCore_Swish,N/A,N/A,1791148628251740.609	,175.312,0.0,7
0,aclnnMul_SliceAiCore_Slice,N/A,N/A,1791148628251919.125	,148.411,3.203,8
0,aclnnMul_MulAiCore_Mul,N/A,N/A,1791148628252067.614	,213.854,0.078,8
0,aclnnInplaceCopy_CastAiCore_Cast,N/A,N/A,1791148628252281.547	,94.974,0.078,8
0,QwenW4A8PackV310,N/A,N/A,1791148628252376.599	,611.172,0.078,8
0,QwenW4A8Int4MatmulV310,N/A,N/A,1791148628252987.849	,3604.739,0.078,8
0,aclnnInplaceCopy_CastAiCore_Cast,N/A,N/A,1791148628256592.666	,414.792,0.078,8
0,aclnnIndexSelect_GatherV2AiCore_GatherV2,N/A,N/A,1791148628257007.536	,24.115,0.078,8
0,aclnnInplaceMul_MulAiCore_Mul,N/A,N/A,1791148628257031.703	,471.562,0.052,8
0,aclnnIndexSelect_GatherV2AiCore_GatherV2,N/A,N/A,1791148628257503.343	,544.557,0.078,8
0,aclnnReduceSum_ReduceSumOpAiCore_MemSet,N/A,N/A,1791148628258047.979	,2.422,0.078,8
0,aclnnReduceSum_ReduceSumOpAiCore_ReduceSum,N/A,N/A,1791148628258050.452	,325.703,0.052,86
0,aclnnInplaceCopy_TensorMoveAiCore_TensorMove,N/A,N/A,1791148628258376.208	,25.469,0.052,8
0,aclnnSubs_SubAiCore_Sub,N/A,N/A,1791148628258401.755	,6.354,0.078,8
0,aclnnGeScalar_GreaterEqual_GreaterEqual,N/A,N/A,1791148628258408.161	,3.854,0.052,8
0,aclnnLtScalar_LessAiCore_Less,N/A,N/A,1791148628258430.739	,3.438,18.724,8
0,aclnnBitwiseAndTensor_LogicalAndAiCore_LogicalAnd,N/A,N/A,1791148628258434.255	,1.406,0.078,3
0,aclnnInplaceFillScalar_FillAiCore_Fill,N/A,N/A,1791148628258435.739	,1.042,0.078,1
0,aclnnSWhere_SelectV2AiCore_SelectV2,N/A,N/A,1791148628258436.859	,3.62,0.078,8
0,aclnnArange_ArangeAiCore_Range,N/A,N/A,1791148628258440.531	,2.057,0.052,8
0,aclnnInplaceCopy_BroadcastToAiCore_BroadcastTo,N/A,N/A,1791148628258442.666	,5.078,0.078,8
0,aclnnInplaceCopy_CastAiCore_Cast,N/A,N/A,1791148628258447.822	,2.734,0.078,8
0,aclnnInplaceCopy_CastAiCore_Cast,N/A,N/A,1791148628258450.635	,1.25,0.078,5
0,aclnnSort_SortAiCore_MemSet,N/A,N/A,1791148628258451.963	,2.865,0.078,8
0,aclnnSort_SortAiCore_Sort,N/A,N/A,1791148628258454.906	,38.438,0.078,3
0,aclnnSort_CastAiCore_Cast,N/A,N/A,1791148628258493.421	,8.438,0.078,7
0,aclnnArange_ArangeAiCore_Range,N/A,N/A,1791148628258501.911	,1.693,0.052,8
0,aclnnEqTensor_EqualAiCore_Equal,N/A,N/A,1791148628258503.682	,66.328,0.078,8
0,aclnnReduceSum_CastAiCore_Cast,N/A,N/A,1791148628258570.062	,6.276,0.052,8
0,aclnnReduceSum_ReduceSumOpAiCore_MemSet,N/A,N/A,1791148628258576.390	,1.562,0.052,8
0,aclnnReduceSum_ReduceSumOpAiCore_ReduceSum,N/A,N/A,1791148628258578.005	,21.224,0.052,8
0,aclnnReduceSum_CastAiCpu_Cast,N/A,N/A,1791148628258599.307	,135.469,0.078,8
0,aclnnInplaceCopy_CastAiCore_Cast,N/A,N/A,1791148628258734.854	,2.422,0.078,8
0,aclnnInplaceCopy_CastAiCore_Cast,N/A,N/A,1791148628258737.354	,1.12,0.078,5
0,aclnnSort_SortAiCore_MemSet,N/A,N/A,1791148628258738.551	,1.198,0.078,8
0,aclnnSort_SortAiCore_Sort,N/A,N/A,1791148628258739.827	,44.609,0.078,3
0,aclnnSort_CastAiCore_Cast,N/A,N/A,1791148628258784.489	,4.922,0.052,7
0,aclnnIndexSelect_GatherV2AiCore_GatherV2,N/A,N/A,1791148628258789.489	,24.583,0.078,8
0,aclnnCumsum_CumsumAiCpu_Cumsum,N/A,N/A,1791148628258814.150	,50.99,0.078,8
0,QwenW4A8PackV310,N/A,N/A,1791148628258865.218	,272.969,0.078,8
0,aclnnIndexSelect_GatherV2AiCore_GatherV2,N/A,N/A,1791148628259138.265	,14.193,0.078,8
0,aclnnIndexSelect_GatherV2AiCore_GatherV2,N/A,N/A,1791148628259152.510	,24.505,0.052,8
0,aclnnIndexSelect_GatherV2AiCore_GatherV2,N/A,N/A,1791148628259177.067	,14.766,0.052,8
0,aclnnIndexSelect_GatherV2AiCore_GatherV2,N/A,N/A,1791148628259191.911	,19.427,0.078,8
0,QwenW4A8Int4MatmulV310,N/A,N/A,1791148628259211.416	,7037.317,0.078,8
0,aclnnInplaceCopy_CastAiCore_Cast,N/A,N/A,1791148628266248.785	,168.958,0.052,8
0,aclnnSilu_SliceAiCore_Slice,N/A,N/A,1791148628266417.822	,156.276,0.078,8
0,aclnnSilu_SiluAiCore_Swish,N/A,N/A,1791148628266574.254	,178.698,0.156,8
0,aclnnSilu_SiluAiCore_Swish,N/A,N/A,1791148628266574.723	,175.833,0.0,7
0,aclnnMul_SliceAiCore_Slice,N/A,N/A,1791148628266753.160	,145.599,2.604,8
0,aclnnMul_MulAiCore_Mul,N/A,N/A,1791148628266898.837	,215.833,0.078,8
0,aclnnInplaceCopy_CastAiCore_Cast,N/A,N/A,1791148628267114.749	,96.172,0.078,8
0,QwenW4A8PackV310,N/A,N/A,1791148628267210.973	,611.198,0.052,8
0,QwenW4A8Int4MatmulV310,N/A,N/A,1791148628267822.223	,3763.359,0.052,8
0,aclnnInplaceCopy_CastAiCore_Cast,N/A,N/A,1791148628271585.660	,413.464,0.078,8
0,aclnnIndexSelect_GatherV2AiCore_GatherV2,N/A,N/A,1791148628271999.202	,24.792,0.078,8
0,aclnnInplaceMul_MulAiCore_Mul,N/A,N/A,1791148628272024.046	,455.547,0.052,8
0,aclnnIndexSelect_GatherV2AiCore_GatherV2,N/A,N/A,1791148628272479.644	,544.323,0.052,8
0,aclnnReduceSum_ReduceSumOpAiCore_MemSet,N/A,N/A,1791148628273024.045	,2.474,0.078,8
0,aclnnReduceSum_ReduceSumOpAiCore_ReduceSum,N/A,N/A,1791148628273026.572	,327.5,0.052,86
0,aclnnInplaceCopy_TensorMoveAiCore_TensorMove,N/A,N/A,1791148628273354.150	,26.589,0.078,8
