timestamp_ns,read_bytes_per_second,write_bytes_per_second
1791637548235205631,1433815126,634621848
1791637548255181631,117517020,259126952
1791637548275180631,136243612,494463123
1791637548295181631,3322899455,4606905654
1791637548315182631,18025754712,17755713814
1791637548335181631,42177731286,32463242362
1791637548355182631,58102694,24568371
1791637548375184631,47571230076,43097571842
1791637548395234631,74704770872,56133451970
1791637548415181631,62383716849,47799988369
1791637548435180631,61102767138,48008602030
1791637548455180631,57407072000,45982092800
1791637548475191631,64720589275,53344983459
1791637548495181631,73664108854,55447294847
1791637548515181631,57572192000,44916396800
1791637548535180631,62438577928,47528149207
1791637548555186631,70851960411,56418933519
1791637548575182631,64756247249,50144300860
1791637548595180631,61989770177,47468471647
1791637548615335631,66174583775,46770088613
1791637548635182631,61558242152,46152716279
1791637548655181631,68575409570,46425073253
1791637548675181631,64464659200,46349971200
1791637548695206631,71675487240,54867025817
1791637548716560631,68714966376,50065556991
1791637548735182631,58053395768,42548081194
1791637548755180631,70208793679,49625007300
1791637548775181631,63579169841,46091397830
1791637548796647631,61936186341,45823451411
1791637548815180631,64298475584,45818578319
1791637548835188631,71380011195,53660782087
1791637548855207631,72905498176,54017285179
1791637548875196631,63914737105,46096649157
1791637548895180631,64163228182,45963221777
1791637548915181631,67191328433,47162301084
1791637548935180631,62668055002,45430521126
1791637548955180631,68497811200,45574048000
1791637548975181631,63878214089,46230117294
1791637548995217631,24484733879,21681804751
1791637549015181631,55523943,22869965
1791637549035185631,11204536692,11554437912
1791637549055194631,68538584836,49354123444
1791637549075182631,63841684210,44329138282
1791637549095181631,62206457522,46118005100
1791637549115182631,64430916054,48831638418
1791637549135184631,62402886111,44967976802
1791637549155184631,63010067200,43436992000
1791637549175187631,65904917462,47615846423
1791637549195183631,63224817763,45995419883
1791637549215181631,63053134113,44976632063
1791637549235182631,63929321933,46032219989
1791637549255180631,60266340234,46241993799
1791637549275180631,58513497600,46378854400
1791637549295277631,73581414937,58370974374
1791637549315188631,69261782934,48345151926
1791637549335182631,51286176252,40066483945
1791637549355180631,56443436343,27920500850
1791637549375181631,18101379731,6989615319
1791637549395181631,12199193600,5573177600
1791637549415182631,16784498375,13041178341
1791637549435180631,24837773377,11366531853
1791637549455183631,17045232015,9019626256
1791637549475181631,15955336333,9306607460
1791637549495180631,26251334966,10903649182
1791637549515182631,22949705029,10090472552
1791637549535180631,18368409640,11063154315
1791637549555184631,24418348330,11461240551
1791637549575180631,16466813362,8411640728
1791637549595280631,24329412139,10499591641
1791637549615181631,19588637354,9162126928
1791637549635182631,27676132993,10202248287
1791637549655183631,18022631668,9365010149
1791637549675181631,21435621962,9558319031
1791637549695180631,23355535776,8499695384
1791637549715181631,22188016999,9347078246
1791637549735182631,24517865306,9644503374
1791637549755186631,25653621275,10204346330
1791637549775182631,27969325065,10413404280
1791637549795181631,20391976398,9439147157
1791637549815181631,18835904000,8444467200
1791637549835190631,30952433005,11485756209
1791637549855180631,18351774287,8579688244
1791637549875184631,15490431513,7970501899
1791637549895247631,29085960025,11064111249
1791637549915184631,19581874905,9609277223
1791637549935181631,23743951992,8631304295
1791637549955182631,22120071596,9602879856
1791637549975181631,25835947797,9844799439
1791637549995181631,25629676800,11311104000
1791637550015181631,19564064000,8767744000
1791637550035180631,17931136556,10031349567
1791637550055181631,20886738063,10610285485
1791637550075181631,22885043200,7840300800
1791637550096008631,29458419167,8367058913
1791637550115338631,20867019555,1591457837
1791637550135181631,76398318802,5888141914
1791637550155896631,77685507892,6976244074
1791637550175184631,69829236001,6402508502
1791637550195270631,75746201732,6531829931
1791637550215181631,58006525839,5832694691
1791637550235180631,22961263263,2067162558
1791637550255179631,94973113455,7715630581
1791637550275550631,87081571253,7676311619
1791637550295694631,83388219221,8109286735
1791637550315181631,69981554882,6670555755
1791637550335181631,40688524800,3306816000
1791637550357699631,94200803623,7832135713
1791637550375180631,84243257479,7681764658
1791637550397058631,83526652161,7811387512
1791637550415181631,64836961650,5761963471
1791637550435180631,44936717235,4478726336
1791637550455539631,79340472125,6142868313
1791637550475180631,86858899648,8315157884
1791637550495181631,88451692615,7784084395
1791637550515181631,72209856000,6841939200
1791637550535182631,45298010299,4310414879
1791637550555181631,47162953347,3658448522
1791637550577709631,82494738636,7789551136
1791637550595181631,88327706959,7893992673
1791637550620207631,87621099336,7810224886
1791637550635181631,63670109790,5635607319
1791637550656291631,28012305826,2132931122
1791637550675180631,84731473344,7344180422
1791637550695197631,85133108857,8319565169
1791637550716922631,84766808377,7250314752
1791637550735667631,53056406295,5937581648
1791637550755181631,41002183458,3322280209
1791637550775181631,85178150400,6960979200
1791637550796032631,82538305500,7503270250
1791637550815180631,81733762272,7383423438
1791637550835182631,74195722827,6650093390
1791637550855181631,44892043002,4587947797
1791637550860175631,398583900,112672807
