Device_id,Core ID,ub_read_bw(GB/s),ub_write_bw(GB/s),l1_read_bw(GB/s),l1_write_bw(GB/s),main_mem_read_bw(GB/s),main_mem_write_bw(GB/s)
0,Core0,15.034,16.677,14.524,7.182,0.349,0.045
0,Core1,15.151,16.772,14.499,7.196,0.351,0.046
0,Core2,14.977,16.602,14.664,7.28,0.346,0.043
0,Core3,15.171,16.75,14.335,7.079,0.348,0.047
0,Core4,15.325,16.949,14.19,7.006,0.35,0.048
0,Core5,14.938,16.652,14.591,7.238,0.354,0.046
0,Core6,14.811,16.492,14.708,7.313,0.348,0.044
0,Core7,15.214,16.754,14.397,7.127,0.349,0.047
0,Average,15.078,16.706,14.489,7.178,0.349,0.046
1,Core0,14.227,15.608,14.495,7.162,0.345,0.04
1,Core1,14.327,15.69,14.465,7.178,0.348,0.041
1,Core2,14.103,15.473,14.732,7.31,0.34,0.038
1,Core3,14.294,15.602,14.356,7.091,0.342,0.041
1,Core4,14.442,15.797,14.19,7.01,0.344,0.042
1,Core5,14.024,15.456,14.653,7.272,0.35,0.04
1,Core6,13.885,15.301,14.788,7.353,0.342,0.038
1,Core7,14.38,15.666,14.406,7.128,0.345,0.041
1,Average,14.21,15.574,14.511,7.188,0.344,0.04
2,Core0,14.76,16.183,14.624,7.231,0.35,0.041
2,Core1,14.843,16.241,14.588,7.242,0.352,0.042
2,Core2,14.594,15.987,14.859,7.373,0.346,0.039
2,Core3,14.776,16.125,14.496,7.158,0.347,0.042
2,Core4,15.006,16.397,14.318,7.07,0.349,0.043
2,Core5,14.594,16.064,14.745,7.316,0.354,0.042
2,Core6,14.423,15.872,14.85,7.383,0.348,0.039
2,Core7,14.867,16.191,14.509,7.181,0.349,0.042
2,Average,14.733,16.133,14.624,7.244,0.349,0.041
3,Core0,14.596,16.039,14.678,7.256,0.351,0.042
3,Core1,14.758,16.19,14.658,7.271,0.354,0.043
3,Core2,14.553,16.003,14.891,7.388,0.346,0.04
3,Core3,14.677,16.063,14.538,7.178,0.348,0.043
3,Core4,14.789,16.221,14.387,7.12,0.35,0.043
3,Core5,14.312,15.815,14.889,7.387,0.355,0.041
3,Core6,14.283,15.771,14.949,7.433,0.347,0.039
3,Core7,14.852,16.202,14.57,7.204,0.35,0.043
3,Average,14.602,16.038,14.695,7.28,0.35,0.042
