Device_id,Mode,Task,Hit Rate(%),Throughput(MB/s)
0,read,Average,37.083,1828.901
0,read,0,69.014,5505.651
0,read,1,79.318,1809.954
0,read,2,0.0,0.0
0,read,3,0.0,0.0
1,read,Average,36.993,2144.315
1,read,0,68.481,5288.841
1,read,1,79.493,3288.42
1,read,2,0.0,0.0
1,read,3,0.0,0.0
2,read,Average,37.797,2247.368
2,read,0,68.737,5654.549
2,read,1,82.452,3334.924
2,read,2,0.0,0.0
2,read,3,0.0,0.0
3,read,Average,36.022,1755.515
3,read,0,68.532,5257.572
3,read,1,75.554,1764.487
3,read,2,0.0,0.0
3,read,3,0.0,0.0
