Device_id,Mode,Min,Max,Avg
0,Tx_p_avg(MB/s),0.071,1105.727,81.056
0,Tx_np_avg(MB/s),0.01,249885.17,12173.902
0,Tx_cpl_avg(MB/s),0.015,261861.166,14257.445
0,Tx_latency_avg(us),0.541,65.215,1.101
0,Rx_p_avg(MB/s),3.237,1685.703,6.189
0,Rx_np_avg(MB/s),66.587,10262.353,88.827
0,Rx_cpl_avg(MB/s),44.556,13398.13,99.469
1,Tx_p_avg(MB/s),0.0,1105.845,67.737
1,Tx_np_avg(MB/s),0.0,250063.208,12168.99
1,Tx_cpl_avg(MB/s),0.0,262047.811,14247.517
1,Tx_latency_avg(us),0.541,65.261,1.116
1,Rx_p_avg(MB/s),3.931,1686.898,6.089
1,Rx_np_avg(MB/s),41.304,10263.495,113.202
1,Rx_cpl_avg(MB/s),19.081,13407.546,108.388
2,Tx_p_avg(MB/s),0.0,1169.265,79.959
2,Tx_np_avg(MB/s),0.0,250309.652,12319.141
2,Tx_cpl_avg(MB/s),0.0,261737.673,14282.816
2,Tx_latency_avg(us),0.479,110.05,1.124
2,Rx_p_avg(MB/s),3.756,1697.512,6.634
2,Rx_np_avg(MB/s),97.575,10635.348,108.548
2,Rx_cpl_avg(MB/s),73.766,13388.605,128.301
3,Tx_p_avg(MB/s),0.0,1168.532,75.698
3,Tx_np_avg(MB/s),0.0,250197.975,12354.127
3,Tx_cpl_avg(MB/s),0.0,261629.39,14314.789
3,Tx_latency_avg(us),0.479,110.064,1.137
3,Rx_p_avg(MB/s),4.318,1696.807,7.306
3,Rx_np_avg(MB/s),39.179,10635.455,91.418
3,Rx_cpl_avg(MB/s),41.453,13380.422,120.211
